Trial,Fitness,Mutations,Sequence
Trial 0,4.19458920955658,"('R4D', 'H5S', 'T6S', 'E54A', 'E66S')",MAGLDSSFVVADATLPDCPLVYASEGFYAMTGYGPDEVLGHNARFLQGEGTDPKAVQKIRDAIKKGSACSVRLLNYRKDGTPFWNLLTVTPIKTPDGRVSKFVGVQVDVTSKTEGKALA
Trial 1,4.195798850059509,"('R4D', 'T6S', 'E54A', 'E66T', 'K111I')",MAGLDHSFVVADATLPDCPLVYASEGFYAMTGYGPDEVLGHNARFLQGEGTDPKAVQKIRDAIKKGTACSVRLLNYRKDGTPFWNLLTVTPIKTPDGRVSKFVGVQVDVTSITEGKALA
Trial 2,4.194698643684387,"('R4D', 'H5P', 'T6S', 'E54S', 'E66H')",MAGLDPSFVVADATLPDCPLVYASEGFYAMTGYGPDEVLGHNARFLQGEGTDPKSVQKIRDAIKKGHACSVRLLNYRKDGTPFWNLLTVTPIKTPDGRVSKFVGVQVDVTSKTEGKALA
Trial 3,4.197739458084106,"('R4D', 'H5K', 'T6S', 'H40K', 'E66T')",MAGLDKSFVVADATLPDCPLVYASEGFYAMTGYGPDEVLGKNARFLQGEGTDPKEVQKIRDAIKKGTACSVRLLNYRKDGTPFWNLLTVTPIKTPDGRVSKFVGVQVDVTSKTEGKALA
Trial 4,4.198897457122802,"('R4D', 'T6S', 'G25T', 'H40K', 'E66H')",MAGLDHSFVVADATLPDCPLVYASETFYAMTGYGPDEVLGKNARFLQGEGTDPKEVQKIRDAIKKGHACSVRLLNYRKDGTPFWNLLTVTPIKTPDGRVSKFVGVQVDVTSKTEGKALA
Trial 5,4.198723530769348,"('R4D', 'H5K', 'T6S', 'E54K', 'E66H')",MAGLDKSFVVADATLPDCPLVYASEGFYAMTGYGPDEVLGHNARFLQGEGTDPKKVQKIRDAIKKGHACSVRLLNYRKDGTPFWNLLTVTPIKTPDGRVSKFVGVQVDVTSKTEGKALA
Trial 6,4.201938199996948,"('R4D', 'H5P', 'T6S', 'E54A', 'E66R')",MAGLDPSFVVADATLPDCPLVYASEGFYAMTGYGPDEVLGHNARFLQGEGTDPKAVQKIRDAIKKGRACSVRLLNYRKDGTPFWNLLTVTPIKTPDGRVSKFVGVQVDVTSKTEGKALA
Trial 7,4.199253058433532,"('R4D', 'H5S', 'T6S', 'E54K', 'E66R')",MAGLDSSFVVADATLPDCPLVYASEGFYAMTGYGPDEVLGHNARFLQGEGTDPKKVQKIRDAIKKGRACSVRLLNYRKDGTPFWNLLTVTPIKTPDGRVSKFVGVQVDVTSKTEGKALA
Trial 8,4.197603821754456,"('R4D', 'H5K', 'T6S', 'E54A', 'E66S')",MAGLDKSFVVADATLPDCPLVYASEGFYAMTGYGPDEVLGHNARFLQGEGTDPKAVQKIRDAIKKGSACSVRLLNYRKDGTPFWNLLTVTPIKTPDGRVSKFVGVQVDVTSKTEGKALA
Trial 9,4.189872670173645,"('R4D', 'T6S', 'E66H', 'K111I', 'G114Q')",MAGLDHSFVVADATLPDCPLVYASEGFYAMTGYGPDEVLGHNARFLQGEGTDPKEVQKIRDAIKKGHACSVRLLNYRKDGTPFWNLLTVTPIKTPDGRVSKFVGVQVDVTSITEQKALA
Trial 10,4.200217914581299,"('R4D', 'T6S', 'H40K', 'E54A', 'E66A')",MAGLDHSFVVADATLPDCPLVYASEGFYAMTGYGPDEVLGKNARFLQGEGTDPKAVQKIRDAIKKGAACSVRLLNYRKDGTPFWNLLTVTPIKTPDGRVSKFVGVQVDVTSKTEGKALA
Trial 11,4.197629022598266,"('R4D', 'H5S', 'T6S', 'E54M', 'E66R')",MAGLDSSFVVADATLPDCPLVYASEGFYAMTGYGPDEVLGHNARFLQGEGTDPKMVQKIRDAIKKGRACSVRLLNYRKDGTPFWNLLTVTPIKTPDGRVSKFVGVQVDVTSKTEGKALA
Trial 12,4.200782656669617,"('R4D', 'H5P', 'T6S', 'E54A', 'E66N')",MAGLDPSFVVADATLPDCPLVYASEGFYAMTGYGPDEVLGHNARFLQGEGTDPKAVQKIRDAIKKGNACSVRLLNYRKDGTPFWNLLTVTPIKTPDGRVSKFVGVQVDVTSKTEGKALA
Trial 13,4.19793393611908,"('R4D', 'T6S', 'H40K', 'E66H', 'K115G')",MAGLDHSFVVADATLPDCPLVYASEGFYAMTGYGPDEVLGKNARFLQGEGTDPKEVQKIRDAIKKGHACSVRLLNYRKDGTPFWNLLTVTPIKTPDGRVSKFVGVQVDVTSKTEGGALA
Trial 14,4.195940446853638,"('R4D', 'T6S', 'C17T', 'E66H', 'K111I')",MAGLDHSFVVADATLPDTPLVYASEGFYAMTGYGPDEVLGHNARFLQGEGTDPKEVQKIRDAIKKGHACSVRLLNYRKDGTPFWNLLTVTPIKTPDGRVSKFVGVQVDVTSITEGKALA
Trial 15,4.197433233261108,"('R4D', 'H5P', 'T6S', 'E66A', 'K111I')",MAGLDPSFVVADATLPDCPLVYASEGFYAMTGYGPDEVLGHNARFLQGEGTDPKEVQKIRDAIKKGAACSVRLLNYRKDGTPFWNLLTVTPIKTPDGRVSKFVGVQVDVTSITEGKALA
Trial 16,4.1920222520828245,"('R4D', 'T6S', 'H40E', 'E66H', 'K115S')",MAGLDHSFVVADATLPDCPLVYASEGFYAMTGYGPDEVLGENARFLQGEGTDPKEVQKIRDAIKKGHACSVRLLNYRKDGTPFWNLLTVTPIKTPDGRVSKFVGVQVDVTSKTEGSALA
Trial 17,4.1965330839157104,"('R4D', 'H5P', 'T6S', 'H40M', 'K111I')",MAGLDPSFVVADATLPDCPLVYASEGFYAMTGYGPDEVLGMNARFLQGEGTDPKEVQKIRDAIKKGEACSVRLLNYRKDGTPFWNLLTVTPIKTPDGRVSKFVGVQVDVTSITEGKALA
Trial 18,4.198940634727478,"('R4D', 'H5P', 'T6S', 'E54A', 'E66T')",MAGLDPSFVVADATLPDCPLVYASEGFYAMTGYGPDEVLGHNARFLQGEGTDPKAVQKIRDAIKKGTACSVRLLNYRKDGTPFWNLLTVTPIKTPDGRVSKFVGVQVDVTSKTEGKALA
Trial 19,4.196495914459229,"('R4D', 'H5K', 'T6S', 'E54M', 'E66R')",MAGLDKSFVVADATLPDCPLVYASEGFYAMTGYGPDEVLGHNARFLQGEGTDPKMVQKIRDAIKKGRACSVRLLNYRKDGTPFWNLLTVTPIKTPDGRVSKFVGVQVDVTSKTEGKALA
Trial 20,4.193726444244385,"('R4D', 'T6S', 'E66H', 'K111I', 'G114R')",MAGLDHSFVVADATLPDCPLVYASEGFYAMTGYGPDEVLGHNARFLQGEGTDPKEVQKIRDAIKKGHACSVRLLNYRKDGTPFWNLLTVTPIKTPDGRVSKFVGVQVDVTSITERKALA
Trial 21,4.201278328895569,"('R4D', 'T6S', 'H40K', 'E54A', 'E66R')",MAGLDHSFVVADATLPDCPLVYASEGFYAMTGYGPDEVLGKNARFLQGEGTDPKAVQKIRDAIKKGRACSVRLLNYRKDGTPFWNLLTVTPIKTPDGRVSKFVGVQVDVTSKTEGKALA
Trial 22,4.197287678718567,"('R4D', 'T6S', 'H40K', 'E66H', 'K111I')",MAGLDHSFVVADATLPDCPLVYASEGFYAMTGYGPDEVLGKNARFLQGEGTDPKEVQKIRDAIKKGHACSVRLLNYRKDGTPFWNLLTVTPIKTPDGRVSKFVGVQVDVTSITEGKALA
Trial 23,4.195539021492005,"('R4D', 'H5W', 'T6S', 'E54A', 'E66H')",MAGLDWSFVVADATLPDCPLVYASEGFYAMTGYGPDEVLGHNARFLQGEGTDPKAVQKIRDAIKKGHACSVRLLNYRKDGTPFWNLLTVTPIKTPDGRVSKFVGVQVDVTSKTEGKALA
Trial 24,4.195930171012878,"('R4D', 'H5S', 'T6S', 'E54M', 'E66T')",MAGLDSSFVVADATLPDCPLVYASEGFYAMTGYGPDEVLGHNARFLQGEGTDPKMVQKIRDAIKKGTACSVRLLNYRKDGTPFWNLLTVTPIKTPDGRVSKFVGVQVDVTSKTEGKALA
Trial 25,4.200189924240112,"('R4D', 'H5P', 'T6S', 'E54H', 'E66R')",MAGLDPSFVVADATLPDCPLVYASEGFYAMTGYGPDEVLGHNARFLQGEGTDPKHVQKIRDAIKKGRACSVRLLNYRKDGTPFWNLLTVTPIKTPDGRVSKFVGVQVDVTSKTEGKALA
Trial 26,4.195156168937683,"('R4D', 'T6S', 'H40M', 'E54Q', 'E66A')",MAGLDHSFVVADATLPDCPLVYASEGFYAMTGYGPDEVLGMNARFLQGEGTDPKQVQKIRDAIKKGAACSVRLLNYRKDGTPFWNLLTVTPIKTPDGRVSKFVGVQVDVTSKTEGKALA
Trial 27,4.19645926952362,"('R4D', 'T6S', 'G25T', 'E66R', 'K115D')",MAGLDHSFVVADATLPDCPLVYASETFYAMTGYGPDEVLGHNARFLQGEGTDPKEVQKIRDAIKKGRACSVRLLNYRKDGTPFWNLLTVTPIKTPDGRVSKFVGVQVDVTSKTEGDALA
Trial 28,4.197591114044189,"('R4D', 'T6S', 'H40K', 'E54Q', 'E66A')",MAGLDHSFVVADATLPDCPLVYASEGFYAMTGYGPDEVLGKNARFLQGEGTDPKQVQKIRDAIKKGAACSVRLLNYRKDGTPFWNLLTVTPIKTPDGRVSKFVGVQVDVTSKTEGKALA
Trial 29,4.198104786872864,"('R4D', 'H5P', 'T6S', 'E54T', 'E66H')",MAGLDPSFVVADATLPDCPLVYASEGFYAMTGYGPDEVLGHNARFLQGEGTDPKTVQKIRDAIKKGHACSVRLLNYRKDGTPFWNLLTVTPIKTPDGRVSKFVGVQVDVTSKTEGKALA
Trial 30,4.200586533546447,"('R4D', 'H5P', 'T6S', 'E54K', 'E66H')",MAGLDPSFVVADATLPDCPLVYASEGFYAMTGYGPDEVLGHNARFLQGEGTDPKKVQKIRDAIKKGHACSVRLLNYRKDGTPFWNLLTVTPIKTPDGRVSKFVGVQVDVTSKTEGKALA
Trial 31,4.196894407272339,"('R4D', 'H5P', 'T6S', 'E66H', 'K111I')",MAGLDPSFVVADATLPDCPLVYASEGFYAMTGYGPDEVLGHNARFLQGEGTDPKEVQKIRDAIKKGHACSVRLLNYRKDGTPFWNLLTVTPIKTPDGRVSKFVGVQVDVTSITEGKALA
Trial 32,4.196522068977356,"('R4D', 'T6S', 'H40M', 'E54M', 'E66R')",MAGLDHSFVVADATLPDCPLVYASEGFYAMTGYGPDEVLGMNARFLQGEGTDPKMVQKIRDAIKKGRACSVRLLNYRKDGTPFWNLLTVTPIKTPDGRVSKFVGVQVDVTSKTEGKALA
Trial 33,4.199357032775879,"('R4D', 'H5K', 'T6S', 'E54A', 'E66N')",MAGLDKSFVVADATLPDCPLVYASEGFYAMTGYGPDEVLGHNARFLQGEGTDPKAVQKIRDAIKKGNACSVRLLNYRKDGTPFWNLLTVTPIKTPDGRVSKFVGVQVDVTSKTEGKALA
Trial 34,4.198556685447693,"('R4D', 'T6S', 'H40K', 'E54M', 'E66H')",MAGLDHSFVVADATLPDCPLVYASEGFYAMTGYGPDEVLGKNARFLQGEGTDPKMVQKIRDAIKKGHACSVRLLNYRKDGTPFWNLLTVTPIKTPDGRVSKFVGVQVDVTSKTEGKALA
Trial 35,4.2001642227172855,"('R4D', 'T6S', 'H40K', 'E54A', 'E66H')",MAGLDHSFVVADATLPDCPLVYASEGFYAMTGYGPDEVLGKNARFLQGEGTDPKAVQKIRDAIKKGHACSVRLLNYRKDGTPFWNLLTVTPIKTPDGRVSKFVGVQVDVTSKTEGKALA
Trial 36,4.196289300918579,"('R4D', 'H5G', 'T6S', 'E54A', 'E66R')",MAGLDGSFVVADATLPDCPLVYASEGFYAMTGYGPDEVLGHNARFLQGEGTDPKAVQKIRDAIKKGRACSVRLLNYRKDGTPFWNLLTVTPIKTPDGRVSKFVGVQVDVTSKTEGKALA
Trial 37,4.200288438796997,"('R4D', 'T6S', 'H40K', 'E54K', 'E66R')",MAGLDHSFVVADATLPDCPLVYASEGFYAMTGYGPDEVLGKNARFLQGEGTDPKKVQKIRDAIKKGRACSVRLLNYRKDGTPFWNLLTVTPIKTPDGRVSKFVGVQVDVTSKTEGKALA
Trial 38,4.195620226860046,"('R4D', 'H5P', 'T6S', 'E54R', 'E66N')",MAGLDPSFVVADATLPDCPLVYASEGFYAMTGYGPDEVLGHNARFLQGEGTDPKRVQKIRDAIKKGNACSVRLLNYRKDGTPFWNLLTVTPIKTPDGRVSKFVGVQVDVTSKTEGKALA
Trial 39,4.195176005363464,"('R4D', 'T6S', 'H40K', 'E54H', 'E66R')",MAGLDHSFVVADATLPDCPLVYASEGFYAMTGYGPDEVLGKNARFLQGEGTDPKHVQKIRDAIKKGRACSVRLLNYRKDGTPFWNLLTVTPIKTPDGRVSKFVGVQVDVTSKTEGKALA
Trial 40,4.196876263618469,"('R4D', 'T6S', 'G25T', 'E66N', 'K111I')",MAGLDHSFVVADATLPDCPLVYASETFYAMTGYGPDEVLGHNARFLQGEGTDPKEVQKIRDAIKKGNACSVRLLNYRKDGTPFWNLLTVTPIKTPDGRVSKFVGVQVDVTSITEGKALA
Trial 41,4.197576713562012,"('R4D', 'T6S', 'H40K', 'E54M', 'E66H')",MAGLDHSFVVADATLPDCPLVYASEGFYAMTGYGPDEVLGKNARFLQGEGTDPKMVQKIRDAIKKGHACSVRLLNYRKDGTPFWNLLTVTPIKTPDGRVSKFVGVQVDVTSKTEGKALA
Trial 42,4.200061106681824,"('R4D', 'T6S', 'G25T', 'E66R', 'K111I')",MAGLDHSFVVADATLPDCPLVYASETFYAMTGYGPDEVLGHNARFLQGEGTDPKEVQKIRDAIKKGRACSVRLLNYRKDGTPFWNLLTVTPIKTPDGRVSKFVGVQVDVTSITEGKALA
Trial 43,4.196654462814331,"('R4D', 'T6S', 'H40M', 'E54A', 'E66R')",MAGLDHSFVVADATLPDCPLVYASEGFYAMTGYGPDEVLGMNARFLQGEGTDPKAVQKIRDAIKKGRACSVRLLNYRKDGTPFWNLLTVTPIKTPDGRVSKFVGVQVDVTSKTEGKALA
Trial 44,4.195462417602539,"('R4D', 'T6S', 'C17E', 'E54A', 'E66Q')",MAGLDHSFVVADATLPDEPLVYASEGFYAMTGYGPDEVLGHNARFLQGEGTDPKAVQKIRDAIKKGQACSVRLLNYRKDGTPFWNLLTVTPIKTPDGRVSKFVGVQVDVTSKTEGKALA
Trial 45,4.201133513450623,"('R4D', 'H5P', 'T6S', 'E54K', 'E66R')",MAGLDPSFVVADATLPDCPLVYASEGFYAMTGYGPDEVLGHNARFLQGEGTDPKKVQKIRDAIKKGRACSVRLLNYRKDGTPFWNLLTVTPIKTPDGRVSKFVGVQVDVTSKTEGKALA
Trial 46,4.195697832107544,"('R4D', 'H5Q', 'T6S', 'E54K', 'E66H')",MAGLDQSFVVADATLPDCPLVYASEGFYAMTGYGPDEVLGHNARFLQGEGTDPKKVQKIRDAIKKGHACSVRLLNYRKDGTPFWNLLTVTPIKTPDGRVSKFVGVQVDVTSKTEGKALA
Trial 47,4.198359274864197,"('R4D', 'T6S', 'C17Q', 'E66R', 'K111I')",MAGLDHSFVVADATLPDQPLVYASEGFYAMTGYGPDEVLGHNARFLQGEGTDPKEVQKIRDAIKKGRACSVRLLNYRKDGTPFWNLLTVTPIKTPDGRVSKFVGVQVDVTSITEGKALA
Trial 48,4.193999862670898,"('R4D', 'T6S', 'P15D', 'E54A', 'E66I')",MAGLDHSFVVADATLDDCPLVYASEGFYAMTGYGPDEVLGHNARFLQGEGTDPKAVQKIRDAIKKGIACSVRLLNYRKDGTPFWNLLTVTPIKTPDGRVSKFVGVQVDVTSKTEGKALA
Trial 49,4.19914493560791,"('R4D', 'T6S', 'H40K', 'E66H', 'K111I')",MAGLDHSFVVADATLPDCPLVYASEGFYAMTGYGPDEVLGKNARFLQGEGTDPKEVQKIRDAIKKGHACSVRLLNYRKDGTPFWNLLTVTPIKTPDGRVSKFVGVQVDVTSITEGKALA
Trial 50,4.198926186561584,"('R4D', 'H5L', 'T6S', 'E54A', 'E66H')",MAGLDLSFVVADATLPDCPLVYASEGFYAMTGYGPDEVLGHNARFLQGEGTDPKAVQKIRDAIKKGHACSVRLLNYRKDGTPFWNLLTVTPIKTPDGRVSKFVGVQVDVTSKTEGKALA
Trial 51,4.2001642227172855,"('R4D', 'H5Q', 'T6S', 'E54A', 'E66H')",MAGLDQSFVVADATLPDCPLVYASEGFYAMTGYGPDEVLGHNARFLQGEGTDPKAVQKIRDAIKKGHACSVRLLNYRKDGTPFWNLLTVTPIKTPDGRVSKFVGVQVDVTSKTEGKALA
Trial 52,4.200760436058045,"('R4D', 'H5P', 'T6S', 'E54A', 'E66A')",MAGLDPSFVVADATLPDCPLVYASEGFYAMTGYGPDEVLGHNARFLQGEGTDPKAVQKIRDAIKKGAACSVRLLNYRKDGTPFWNLLTVTPIKTPDGRVSKFVGVQVDVTSKTEGKALA
Trial 53,4.198580527305603,"('R4D', 'T6S', 'C17T', 'E66R', 'K111I')",MAGLDHSFVVADATLPDTPLVYASEGFYAMTGYGPDEVLGHNARFLQGEGTDPKEVQKIRDAIKKGRACSVRLLNYRKDGTPFWNLLTVTPIKTPDGRVSKFVGVQVDVTSITEGKALA
Trial 54,4.198765778541565,"('R4D', 'T6S', 'H40E', 'E54A', 'E66T')",MAGLDHSFVVADATLPDCPLVYASEGFYAMTGYGPDEVLGENARFLQGEGTDPKAVQKIRDAIKKGTACSVRLLNYRKDGTPFWNLLTVTPIKTPDGRVSKFVGVQVDVTSKTEGKALA
Trial 55,4.198017573356628,"('R4D', 'T6S', 'E54A', 'K111I', 'G114Q')",MAGLDHSFVVADATLPDCPLVYASEGFYAMTGYGPDEVLGHNARFLQGEGTDPKAVQKIRDAIKKGEACSVRLLNYRKDGTPFWNLLTVTPIKTPDGRVSKFVGVQVDVTSITEQKALA
Trial 56,4.197124123573303,"('R4D', 'T6S', 'C17T', 'E66N', 'K111I')",MAGLDHSFVVADATLPDTPLVYASEGFYAMTGYGPDEVLGHNARFLQGEGTDPKEVQKIRDAIKKGNACSVRLLNYRKDGTPFWNLLTVTPIKTPDGRVSKFVGVQVDVTSITEGKALA
Trial 57,4.1968831539154055,"('R4D', 'T6S', 'H40K', 'E54M', 'E66R')",MAGLDHSFVVADATLPDCPLVYASEGFYAMTGYGPDEVLGKNARFLQGEGTDPKMVQKIRDAIKKGRACSVRLLNYRKDGTPFWNLLTVTPIKTPDGRVSKFVGVQVDVTSKTEGKALA
Trial 58,4.19791350364685,"('R4D', 'T6S', 'C17Q', 'E66R', 'K111I')",MAGLDHSFVVADATLPDQPLVYASEGFYAMTGYGPDEVLGHNARFLQGEGTDPKEVQKIRDAIKKGRACSVRLLNYRKDGTPFWNLLTVTPIKTPDGRVSKFVGVQVDVTSITEGKALA
Trial 59,4.199300861358642,"('R4D', 'T6S', 'H40K', 'E54A', 'E66A')",MAGLDHSFVVADATLPDCPLVYASEGFYAMTGYGPDEVLGKNARFLQGEGTDPKAVQKIRDAIKKGAACSVRLLNYRKDGTPFWNLLTVTPIKTPDGRVSKFVGVQVDVTSKTEGKALA
Trial 60,4.173436427116394,"('R4D', 'T6S', 'T13E', 'H40E', 'E66C')",MAGLDHSFVVADAELPDCPLVYASEGFYAMTGYGPDEVLGENARFLQGEGTDPKEVQKIRDAIKKGCACSVRLLNYRKDGTPFWNLLTVTPIKTPDGRVSKFVGVQVDVTSKTEGKALA
Trial 61,4.2002150297164915,"('R4D', 'T6S', 'H40K', 'E54A', 'E66T')",MAGLDHSFVVADATLPDCPLVYASEGFYAMTGYGPDEVLGKNARFLQGEGTDPKAVQKIRDAIKKGTACSVRLLNYRKDGTPFWNLLTVTPIKTPDGRVSKFVGVQVDVTSKTEGKALA
Trial 62,4.195127415657043,"('R4D', 'H5P', 'T6S', 'E54Q', 'E66I')",MAGLDPSFVVADATLPDCPLVYASEGFYAMTGYGPDEVLGHNARFLQGEGTDPKQVQKIRDAIKKGIACSVRLLNYRKDGTPFWNLLTVTPIKTPDGRVSKFVGVQVDVTSKTEGKALA
Trial 63,4.196768879890442,"('R4D', 'H5Q', 'T6S', 'E54A', 'E66S')",MAGLDQSFVVADATLPDCPLVYASEGFYAMTGYGPDEVLGHNARFLQGEGTDPKAVQKIRDAIKKGSACSVRLLNYRKDGTPFWNLLTVTPIKTPDGRVSKFVGVQVDVTSKTEGKALA
Trial 64,4.200268507003784,"('R4D', 'T6S', 'H40K', 'E54A', 'E66H')",MAGLDHSFVVADATLPDCPLVYASEGFYAMTGYGPDEVLGKNARFLQGEGTDPKAVQKIRDAIKKGHACSVRLLNYRKDGTPFWNLLTVTPIKTPDGRVSKFVGVQVDVTSKTEGKALA
Trial 65,4.198599553108215,"('R4D', 'H5P', 'T6S', 'H40K', 'E66R')",MAGLDPSFVVADATLPDCPLVYASEGFYAMTGYGPDEVLGKNARFLQGEGTDPKEVQKIRDAIKKGRACSVRLLNYRKDGTPFWNLLTVTPIKTPDGRVSKFVGVQVDVTSKTEGKALA
Trial 66,4.194891953468323,"('R4D', 'T6S', 'H40E', 'E54A', 'E66S')",MAGLDHSFVVADATLPDCPLVYASEGFYAMTGYGPDEVLGENARFLQGEGTDPKAVQKIRDAIKKGSACSVRLLNYRKDGTPFWNLLTVTPIKTPDGRVSKFVGVQVDVTSKTEGKALA
Trial 67,4.198071575164795,"('R4D', 'T6S', 'G25T', 'E66H', 'K111I')",MAGLDHSFVVADATLPDCPLVYASETFYAMTGYGPDEVLGHNARFLQGEGTDPKEVQKIRDAIKKGHACSVRLLNYRKDGTPFWNLLTVTPIKTPDGRVSKFVGVQVDVTSITEGKALA
Trial 68,4.200925493240357,"('R4D', 'H5P', 'T6S', 'E54M', 'E66R')",MAGLDPSFVVADATLPDCPLVYASEGFYAMTGYGPDEVLGHNARFLQGEGTDPKMVQKIRDAIKKGRACSVRLLNYRKDGTPFWNLLTVTPIKTPDGRVSKFVGVQVDVTSKTEGKALA
Trial 69,4.194504928588867,"('R4D', 'T6S', 'H40K', 'E54R', 'E66T')",MAGLDHSFVVADATLPDCPLVYASEGFYAMTGYGPDEVLGKNARFLQGEGTDPKRVQKIRDAIKKGTACSVRLLNYRKDGTPFWNLLTVTPIKTPDGRVSKFVGVQVDVTSKTEGKALA
Trial 70,4.19919261932373,"('R4D', 'T6S', 'H40K', 'E54K', 'E66N')",MAGLDHSFVVADATLPDCPLVYASEGFYAMTGYGPDEVLGKNARFLQGEGTDPKKVQKIRDAIKKGNACSVRLLNYRKDGTPFWNLLTVTPIKTPDGRVSKFVGVQVDVTSKTEGKALA
Trial 71,4.199435305595398,"('R4D', 'T6S', 'H40K', 'E54H', 'E66R')",MAGLDHSFVVADATLPDCPLVYASEGFYAMTGYGPDEVLGKNARFLQGEGTDPKHVQKIRDAIKKGRACSVRLLNYRKDGTPFWNLLTVTPIKTPDGRVSKFVGVQVDVTSKTEGKALA
Trial 72,4.192899870872497,"('R4D', 'H5K', 'T6S', 'E54A', 'E66R')",MAGLDKSFVVADATLPDCPLVYASEGFYAMTGYGPDEVLGHNARFLQGEGTDPKAVQKIRDAIKKGRACSVRLLNYRKDGTPFWNLLTVTPIKTPDGRVSKFVGVQVDVTSKTEGKALA
Trial 73,4.197260475158691,"('R4D', 'H5C', 'T6S', 'E54A', 'E66R')",MAGLDCSFVVADATLPDCPLVYASEGFYAMTGYGPDEVLGHNARFLQGEGTDPKAVQKIRDAIKKGRACSVRLLNYRKDGTPFWNLLTVTPIKTPDGRVSKFVGVQVDVTSKTEGKALA
Trial 74,4.198193001747131,"('R4D', 'T6S', 'H40M', 'E54A', 'E66I')",MAGLDHSFVVADATLPDCPLVYASEGFYAMTGYGPDEVLGMNARFLQGEGTDPKAVQKIRDAIKKGIACSVRLLNYRKDGTPFWNLLTVTPIKTPDGRVSKFVGVQVDVTSKTEGKALA
Trial 75,4.196747303009033,"('R4D', 'H5K', 'T6S', 'H40K', 'E66T')",MAGLDKSFVVADATLPDCPLVYASEGFYAMTGYGPDEVLGKNARFLQGEGTDPKEVQKIRDAIKKGTACSVRLLNYRKDGTPFWNLLTVTPIKTPDGRVSKFVGVQVDVTSKTEGKALA
Trial 76,4.197422170639038,"('R4D', 'T6S', 'E54A', 'E66H', 'K111I')",MAGLDHSFVVADATLPDCPLVYASEGFYAMTGYGPDEVLGHNARFLQGEGTDPKAVQKIRDAIKKGHACSVRLLNYRKDGTPFWNLLTVTPIKTPDGRVSKFVGVQVDVTSITEGKALA
Trial 77,4.199674153327942,"('R4D', 'H5G', 'T6S', 'E54A', 'E66R')",MAGLDGSFVVADATLPDCPLVYASEGFYAMTGYGPDEVLGHNARFLQGEGTDPKAVQKIRDAIKKGRACSVRLLNYRKDGTPFWNLLTVTPIKTPDGRVSKFVGVQVDVTSKTEGKALA
Trial 78,4.199063086509705,"('R4D', 'T6S', 'E66R', 'K111I', 'G114R')",MAGLDHSFVVADATLPDCPLVYASEGFYAMTGYGPDEVLGHNARFLQGEGTDPKEVQKIRDAIKKGRACSVRLLNYRKDGTPFWNLLTVTPIKTPDGRVSKFVGVQVDVTSITERKALA
Trial 79,4.196307682991028,"('R4D', 'T6S', 'C17T', 'E66N', 'K111I')",MAGLDHSFVVADATLPDTPLVYASEGFYAMTGYGPDEVLGHNARFLQGEGTDPKEVQKIRDAIKKGNACSVRLLNYRKDGTPFWNLLTVTPIKTPDGRVSKFVGVQVDVTSITEGKALA
Trial 80,4.199357295036316,"('R4D', 'T6S', 'H40K', 'E54H', 'E66H')",MAGLDHSFVVADATLPDCPLVYASEGFYAMTGYGPDEVLGKNARFLQGEGTDPKHVQKIRDAIKKGHACSVRLLNYRKDGTPFWNLLTVTPIKTPDGRVSKFVGVQVDVTSKTEGKALA
Trial 81,4.194624447822571,"('R4D', 'T6S', 'C17T', 'H40K', 'E66H')",MAGLDHSFVVADATLPDTPLVYASEGFYAMTGYGPDEVLGKNARFLQGEGTDPKEVQKIRDAIKKGHACSVRLLNYRKDGTPFWNLLTVTPIKTPDGRVSKFVGVQVDVTSKTEGKALA
Trial 82,4.199013447761535,"('R4D', 'H5P', 'T6S', 'E54A', 'E66C')",MAGLDPSFVVADATLPDCPLVYASEGFYAMTGYGPDEVLGHNARFLQGEGTDPKAVQKIRDAIKKGCACSVRLLNYRKDGTPFWNLLTVTPIKTPDGRVSKFVGVQVDVTSKTEGKALA
Trial 83,4.198245859146118,"('R4D', 'H5P', 'T6S', 'E54K', 'E66H')",MAGLDPSFVVADATLPDCPLVYASEGFYAMTGYGPDEVLGHNARFLQGEGTDPKKVQKIRDAIKKGHACSVRLLNYRKDGTPFWNLLTVTPIKTPDGRVSKFVGVQVDVTSKTEGKALA
Trial 84,4.1950853109359745,"('R4D', 'H5S', 'T6S', 'E54A', 'E66H')",MAGLDSSFVVADATLPDCPLVYASEGFYAMTGYGPDEVLGHNARFLQGEGTDPKAVQKIRDAIKKGHACSVRLLNYRKDGTPFWNLLTVTPIKTPDGRVSKFVGVQVDVTSKTEGKALA
Trial 85,4.1993612289428714,"('R4D', 'H5W', 'T6S', 'E54A', 'E66R')",MAGLDWSFVVADATLPDCPLVYASEGFYAMTGYGPDEVLGHNARFLQGEGTDPKAVQKIRDAIKKGRACSVRLLNYRKDGTPFWNLLTVTPIKTPDGRVSKFVGVQVDVTSKTEGKALA
Trial 86,4.19379301071167,"('R4D', 'H5K', 'T6S', 'E54M', 'E66R')",MAGLDKSFVVADATLPDCPLVYASEGFYAMTGYGPDEVLGHNARFLQGEGTDPKMVQKIRDAIKKGRACSVRLLNYRKDGTPFWNLLTVTPIKTPDGRVSKFVGVQVDVTSKTEGKALA
Trial 87,4.195411610603332,"('R4D', 'T6S', 'C17T', 'E54A', 'E66R')",MAGLDHSFVVADATLPDTPLVYASEGFYAMTGYGPDEVLGHNARFLQGEGTDPKAVQKIRDAIKKGRACSVRLLNYRKDGTPFWNLLTVTPIKTPDGRVSKFVGVQVDVTSKTEGKALA
Trial 88,4.195678687095642,"('R4D', 'H5S', 'T6S', 'E54K', 'E66R')",MAGLDSSFVVADATLPDCPLVYASEGFYAMTGYGPDEVLGHNARFLQGEGTDPKKVQKIRDAIKKGRACSVRLLNYRKDGTPFWNLLTVTPIKTPDGRVSKFVGVQVDVTSKTEGKALA
Trial 89,4.194915723800659,"('R4D', 'T6S', 'H40M', 'E54H', 'E66T')",MAGLDHSFVVADATLPDCPLVYASEGFYAMTGYGPDEVLGMNARFLQGEGTDPKHVQKIRDAIKKGTACSVRLLNYRKDGTPFWNLLTVTPIKTPDGRVSKFVGVQVDVTSKTEGKALA
Trial 90,4.197261667251587,"('R4D', 'H5P', 'T6S', 'E54A', 'E66G')",MAGLDPSFVVADATLPDCPLVYASEGFYAMTGYGPDEVLGHNARFLQGEGTDPKAVQKIRDAIKKGGACSVRLLNYRKDGTPFWNLLTVTPIKTPDGRVSKFVGVQVDVTSKTEGKALA
Trial 91,4.201938199996948,"('R4D', 'H5P', 'T6S', 'E54A', 'E66R')",MAGLDPSFVVADATLPDCPLVYASEGFYAMTGYGPDEVLGHNARFLQGEGTDPKAVQKIRDAIKKGRACSVRLLNYRKDGTPFWNLLTVTPIKTPDGRVSKFVGVQVDVTSKTEGKALA
Trial 92,4.194807529449463,"('R4D', 'H5D', 'T6S', 'E54A', 'E66R')",MAGLDDSFVVADATLPDCPLVYASEGFYAMTGYGPDEVLGHNARFLQGEGTDPKAVQKIRDAIKKGRACSVRLLNYRKDGTPFWNLLTVTPIKTPDGRVSKFVGVQVDVTSKTEGKALA
Trial 93,4.1921090364456175,"('R4D', 'H5Q', 'T6S', 'E54A', 'E66T')",MAGLDQSFVVADATLPDCPLVYASEGFYAMTGYGPDEVLGHNARFLQGEGTDPKAVQKIRDAIKKGTACSVRLLNYRKDGTPFWNLLTVTPIKTPDGRVSKFVGVQVDVTSKTEGKALA
Trial 94,4.2003786087036135,"('R4D', 'H5S', 'T6S', 'E54A', 'E66R')",MAGLDSSFVVADATLPDCPLVYASEGFYAMTGYGPDEVLGHNARFLQGEGTDPKAVQKIRDAIKKGRACSVRLLNYRKDGTPFWNLLTVTPIKTPDGRVSKFVGVQVDVTSKTEGKALA
Trial 95,4.195686507225036,"('R4D', 'H5G', 'T6S', 'E66R', 'K115D')",MAGLDGSFVVADATLPDCPLVYASEGFYAMTGYGPDEVLGHNARFLQGEGTDPKEVQKIRDAIKKGRACSVRLLNYRKDGTPFWNLLTVTPIKTPDGRVSKFVGVQVDVTSKTEGDALA
Trial 96,4.198596262931824,"('R4D', 'T6S', 'G25T', 'K111I', 'K115G')",MAGLDHSFVVADATLPDCPLVYASETFYAMTGYGPDEVLGHNARFLQGEGTDPKEVQKIRDAIKKGEACSVRLLNYRKDGTPFWNLLTVTPIKTPDGRVSKFVGVQVDVTSITEGGALA
Trial 97,4.197203063964844,"('R4D', 'T6S', 'E54K', 'E66R', 'K111I')",MAGLDHSFVVADATLPDCPLVYASEGFYAMTGYGPDEVLGHNARFLQGEGTDPKKVQKIRDAIKKGRACSVRLLNYRKDGTPFWNLLTVTPIKTPDGRVSKFVGVQVDVTSITEGKALA
Trial 98,4.199023818969726,"('R4D', 'T6S', 'H40K', 'E54K', 'E66H')",MAGLDHSFVVADATLPDCPLVYASEGFYAMTGYGPDEVLGKNARFLQGEGTDPKKVQKIRDAIKKGHACSVRLLNYRKDGTPFWNLLTVTPIKTPDGRVSKFVGVQVDVTSKTEGKALA
Trial 99,4.198721766471863,"('R4D', 'H5S', 'T6S', 'E54A', 'E66H')",MAGLDSSFVVADATLPDCPLVYASEGFYAMTGYGPDEVLGHNARFLQGEGTDPKAVQKIRDAIKKGHACSVRLLNYRKDGTPFWNLLTVTPIKTPDGRVSKFVGVQVDVTSKTEGKALA
