Sequence,Score
MAGLEHTFVVADATLPDCPLVYASEGFYMMTGYPPDEVLGHNARFLQGEGTDPKEVQKIRDAIKKGEACSVRLLNYRKDGTPFWQLLTVTPISTPDGRVSKFVGVQVDVTSKTEGKALA,4.0775465965271
MAGLEHTFVVADATLPDCPLVYASEGFYMMTGYPPDEVLGHNARFLQGEGTDPKEVKKIRDAIKKGEACSVRLLNYRKDGTPFWNLLTVTPISTPDGRVSKFVGVQVDVTSKTEGKALA,4.098923206329346
MAGLEHTFVVADATLPDCPLVYASEGFYMMTGYPPDEVLGHNARFLQGEGTDPKEVQKIRDAIKKGEACSVRLLNYRKDGTPFWQLLTVTPIKTPDGRVSKFVGVQVDVTSKTEAKALA,4.084239482879639
MAGLQHTFVVADATLPDCPLVYASEGFYMMTGYPPDEVLGHNARFLQGEGTDPKEVQKIRDAIKKGEACSVRLLNYRKDGTPFWQLLTVTPIKTPDGRVSKFVGVQVDVTSKTEAKALA,4.070306777954102
MAGLQHTFVVADATLPDCPLVYASEGFYMMTGYPPDEVLGHNARFLQGEGTDPKEVQQIRDAIKKGETCSVRLLNYRKDGTPFWNLLTVTPIKTPDGRVSKFVGVQVDVTSKTEGKALA,4.083851337432861
MAGLQHTFVVADATLPDCPLVYASEGFYMMTGYPPDEVLGHNARFLQGEGTDPKEVQKIRDAIKKGEACSVRLLNYRKDGTPFWQLLTVTPISTPDGRVSKFVGVQVDVTSKTEGKALA,4.0634284019470215
MAGLQHTFVVADATLPDCPLVYASEGFYMMTGYPPDEVLGHNARFLQGEGTDPKEVQKIRDAIKQGEACSVRLLNYRKDGTPFWNLLTVTPISTPDGRVSKFVGVQVDVTSKTEGKALA,4.082065582275391
MAGLQHTFVVADATLPDCPLVYASEGFYAMTGYPSDEVLGHNARFLQGEGTDPKEVQKIRDAIKKGEACSLRLLNYRKDGTPFWNLLTVTPISTPDGRVSKFVGVQVDVTSKTEGKALA,4.084603309631348
MAGLQHTFVVADATLPDCPLVYASEGFYMMTGYPPDEVLGHNARFLQGEGTDPKEVQQIRDAIKKGEACSVRLLNYRKDGTPFWNLLTVTPISTPDGRVSKFVGVQVDVTSKTEGKALA,4.085890293121338
MAGLQHTFVVADATLPDCPLVYASEGFYAMTGYPPDEVLGHNARFLQGEGTDPKEVQKIRDAIKKGETCSVRLLNYRKDGTPFWQLLTVTPIKTPDGRVSKFVGVQVDVTSKTEAKALA,4.069997787475586
MAGLQHTFVVADATLPDCPLVYASEGFYAMTGYPPDEVLGHNARFLQGEGTDPKEVQKIRDAIKKGEACSLRLLNYRKDGTPFWQLLTVTPISTPDGRVSKFVGVQVDVTSKTEGKALA,4.060116767883301
MAGLEHTFVVADATLPDCPLVYASEGFYMMTGYPPDEVLGHNARFLQGEGTDPKEVQKIRDAIKKGEACSLRLLNYRKDGTPFWQLLTVTPIKTPDGRVSKFVGVQVDVTSKTEGKALA,4.073208332061768
MAGLEHTFVVADATLPDCPLVYASEGFLAMTGYGPDEVLGHNARFLQGEGTDPKEVQKIRDAIKKGEACSVRLLNYRKDGTPFWQLLTVTPISTPDGRVSKFVGVQVDVTSKTEAKALA,4.079710960388184
MAGLQHTFVVADATLPDCPLVYASEGFYMMTGYPPDEVLGHNARFLQGEGTDPKELQKIRDAIKKGEACSVRLLNYRKDGTPFWQLLTVTPIKTPDGRVSKFVGVQVDVTSKTEGKALA,4.056972503662109
MAGLQHTFVVADATLPDCPLVYASEGFYMMTGYPPDEVLGHNARFLQGEGTDPKEVQKIRDAIKKGEMCSLRLLNYRKDGTPFWNLLTVTPIKTPDGRVSKFVGVQVDVTSKTEGKALA,4.077523231506348
MAGLQHTFVVADATLPDCPLVYASEGFYAMTGYPPDEVLGHNARFLQGEGTDPKEVKKIRDAIKKGEACSVRLLNYRKDGTPFWQLLTVTPIKTPDGRVSKFVGVQVDVTSKTEAKALA,4.072848796844482
MAGLQHTFVVADATLPDCPLVYASEGFYMMTGYPPDEVLGHNARFLQGEGTDPKEVQKIRDAIKKGEACSVRLLNYRKDGTPFWNLLTVTPISTPDGRVSKFVGVQVDVTSKTEAKALA,4.091679096221924
MAGLEHTFVVADATLPDCPLVYASEGFYMMTGYPPDEVLGHNARFLQGEGTDPKEVQKIRDAIKQGEACSVRLLNYRKDGTPFWQLLTVTPIKTPDGRVSKFVGVQVDVTSKTEGKALA,4.0756754875183105
MAGLQHTFVVADATLPDCPLVYASEGFYMMTGYPPDEVLGHNARFLQGEGTDPKEVQKIRDAIKKGEACSLRLLNYRKDGTPFWQLLTVTPIKTPDGRVSKFVGVQVDVTSKTEGKALA,4.059109210968018
MAGLEHTFVVADATLPDCPLVYASEGFYMMTGYPPDEVLGHNARFLQGEGTDPKEVQKIRDAIKKGEACSLRLLNYRKDGTPFWNLLTVTPISTPDGRVSKFVGVQVDVTSKTEGKALA,4.092959880828857
MAGLEHTFVVADATLPDCPLVYASEGFYMMTGYPPDEVLGHNARFLQGEGTDPKEVQQIRDAIKKGEACSVRLLNYRKDGTPFWQLLTVTPIKTPDGRVSKFVGVQVDVTSKTEGKALA,4.079737186431885
MAGLQHTFVVADATLPDCPLVYASEGFYMMTGYPPDEVLGHNARFLQGEGTDPKEVQKIRDAIKQGEACSVRLLNYRKDGTPFWQLLTVTPIKTPDGRVSKFVGVQVDVTSKTEGKALA,4.061624526977539
MAGLEHTFVVADATLPDCPLVYASEGFYMMTGYPPDEVLGHNARFLQGEGTDPKEVQKIRDAIKKGEACSVRLLNYRKDGTPFWNLLTVTPISTPDGRVSKFVGVQVDVTSKTEAKALA,4.105238914489746
MAGLQHTFVVADATLPDCPLVYASEGFYMMTGYPPDEVLGHNARFLQGEGTDPKEVQKIRDAIKQGEACSVRLLNYRKDGTPFWNLLTVTPIKTPDGRVSKFVGVQVDVTSKTEAKALA,4.090683937072754
MAGLEHTFVVADATLPDCPLVYASEGFYMMTGYPPDEVLGHNARFLQGEGTDPKEVQKIRDAIKKGEACSLRLLNYRKDGTPFWNLLTVTPIKTPDGRVSKFVGVQVDVTSKTEAKALA,4.100939750671387
MAGLQHTFVVADATLPDCPLVYASEGFYMMTGYPPDEVLGHNARFLQGEGTDPKEVQKIRDAIKKGEACSLRLLNYRKDGTPFWNLLTVTPISTPDGRVSKFVGVQVDVTSKTEGKALA,4.07841682434082
MAGLEHTFVVADATLPDCPLVYASEGFYMMTGYGPDEVLGHNARFLQGEGTDPKEVQKIRDAIKKGEACSVRLLNYRKDGTPFWQLLTVTPISTPDGRVSKFVGVQVDVTSKTEAKALA,4.082818508148193
MAGLQHTFVVADATLPDCPLVYASEGFYMMTGYPPDEVLGHNARFLQGEGTDPKEVKKIRDAIKKGEACSVRLLNYRKDGTPFWQLLTVTPIKTPDGRVSKFVGVQVDVTSKTEGKALA,4.063669681549072
MAGLEHTFVVADATLPDCPLVYASEGFYMMTGYPPDEVLGHNARFLQGEGTDPKEVQKIRDAIKQGEACSVRLLNYRKDGTPFWNLLTVTPIKTPDGRVSKFVGVQVDVTSKTEAKALA,4.103739261627197
MAGLQHTFVVADATLPDCPLVYASEGFYMMTGYPPDEVLGHNARFLQGEGTDPKEVQQIRDAIKKGEACSVRLLNYRKDGTPFWQLLTVTPIKTPDGRVSKFVGVQVDVTSKTEGKALA,4.065603733062744
MAGLQHTFVVADATLPDCPLVYASEGFLMMTGYPPDEVLGHNARFLQGEGTDPKEVQKIRDAIKKGEACSVRLLNYRKDGTPFWQLLTVTPIKTPDGRVSKFVGVQVDVTSKTEGKALA,4.059572696685791
MAGLQHTFVVADATLPDCPLVYASEGFYAMTGYPPDEVLGHNARFLQGEGTDPKEVQKIRDAIKQGEACSVRLLNYRKDGTPFWQLLTVTPISTPDGRVSKFVGVQVDVTSKTEGKALA,4.061897277832031
MAGLQHTFVVADATLPDCPLVYASEGFYAMTGYPPDEVLGHNARFLQGEGTDPKEVQKIRDAIKKGEACSLRLLNYRKDGTPFWQLLTVTPIKTPDGRVSKFVGVQVDVTSKTEAKALA,4.066737174987793
MAGLEHTFVVADATLPDCPLVYASEGFYAMTGYPPDEVLGHNARFLQGEGTDPKEVQKIRDAIKKGEACSVRLLNYRKDGTPFWQLLTVTPISTPDGRVSKFVGVQVDVTSKTEAKALA,4.08734130859375
MAGLQHTFVVADATLPDCPLVYASEGFYMMTGYPPDEVLGHNARFLQGEGTDPKEVQKIRDAIKKGEACSVRTVNYRKDGTPFWNLLTVTPIKTPDGRVSKFVGVQVDVTSKTEGKALA,4.044805526733398
MAGLQHTFVVADATLPDCPLVYASEGFYAMTGYPPDEVLGHNARFLQGEGTDPKEVKKIRDSIKKGEACSVRLLNYRKDGTPFWNLLTVTPIKTPDGRVSKFVGVQVDVTSKTEAKALA,4.089749336242676
MAGLEHTFVVADATLPDCPLVYASEGFYMMTGYGPDEVLGHNARFLQGEGTDPKEVQKIRDAIKKGEACSLRLLNYRKDGTPFWQLLTVTPIKTPDGRVSKFVGVQVDVTSKTEAKALA,4.078159809112549
MAGLEHTFVVADATLPDCPLVYASEGFYMMTGYPPDEVLGHNARVLQGEGTDPKEVQKIRDAIKKGEACSLRLLNYRKDGTPFWNLLTVTPIKTPDGRVSKFVGVQVDVTSKTEGKALA,4.080897808074951
MAGLQHTFVVADATLPDCPLVYASEGFYMMTGYPPDEVLGHNARFLQGEGTDPKEVQKIRDAIKQGEACSVRLLNYRKDGTPFWQLLTVTPIKTPDGRVSKFVGVQVDVTSKTEGKALA,4.061624526977539
MAGLEHTFVVADATLPDCPLVYASEGFLMMTGYPPDEVLGHNARFLQGEGTDPKEVQKIRDAIKKGEACSVRLLNYRKDGTPFWNLLTVTPISTPDGRVSKFVGVQVDVTSKTEGKALA,4.094688415527344
MAGLQHTFVVADATLPDCPLVYASEGFYMMTGYPPDEVLGHNARFLQGEGTDPKEVQQIRDAIKKGEACSLRLLNYRKDGTPFWNLLTVTPIKTPDGRVSKFVGVQVDVTSKTEGKALA,4.082054615020752
MAGLEHTFVVADATLPDCPLVYASEGFYAMTGYGPDEVLGHNARFLQGEQTDPKEVQKIRDAIKKGEACSVRLLNYRKDGTPFWQLLTVTPISTPDGRVSKFVGVQVDVTSKTEAKALA,4.08205509185791
MAGLQHTFVVADATLPDCPLVYASEGFYMATGYPPDEVLGHNARFLQGEGTDPKEVQKIRDAIKKGEACSVRLLNYRKDGTPFWNLLTVTPIKLPDGRVSKFVGVQVDVTSKTEGKALA,4.074109077453613
MAGLQHTFVVADATLPDCPLVYASEGFYAMTGYPPDEVLGHNARFLQGEGTDPKEVQQIRDAIKKGEACSVRLLNYRKDGAPFWNLLTVTPISTPDGRVSKFVGVQVDVTSKTEGKALA,4.0906267166137695
MAGLEHTFVVADATLPDCPLVYASEGFYMMTGYPPDEVLGHNARFLQGEGTDPKEVQKIRDAIKQGEACSLRLLNYRKDGTPFWNLLTVTPIKTPDGRVSKFVGVQVDVTSKTEGKALA,4.091813087463379
MAGLQHTFVVADATLPDCPLVYASEGFYMMTGYPPDEVLGHNARFLQGEGTDPKEVQKIRDAISKGEACSVRLLNYRKDGTPFWQLLTVTPIKTPDGRVSKFVGVQVDVTSKTEGKALA,4.0630269050598145
MAGLEHTFVVADATLPDCPLVYASEGFYAMTGYPPDEVLGHNARFLKGEGTDPKEVQKIRDAIKKGEACSVRLLNYRKDGTPFWQLLTVTPIKTPDGRVSKFVGVQVDVTSKTEAKALA,4.000744819641113
MAGLEHTFVVADATLPDCPLVYASEGFYMMTGYPPDEVLGHNARFLQGEGTDPKEVQKIRDAIKKGEACAVRLLNYRKDGTPFWNLLTVTPIKTPDGRVSKFVGVQVDVTSKTEAKALA,4.105233192443848
MAGLQHTFVVADATLPDCPLVYASEGFYMMTGYPPDEVLGHNARFLQGEGLDPKEVQKIRDAIKKGEACSVRLLNYRKDGTPFWNLLTVLPIKTPDGRVSKFVGVQVDVTSKTEGKALA,4.027575492858887
MAGLQHTFVVADATLPDCPLVYASEGFYMMTGYPPDEVLGHNARFLQGEGTDPKEVQKIRDAIKKGEACSVRLLNYRKDGTPFWQLLTVTPIKLPDGRVSKFVGVQVDVTSKTEGKALA,4.064534664154053
MAGLEHTFVVADATLPDCPLVYASEGFYMMTGYPPDEVLGHNARFLQGEGTDPKEVQKIRDAIKKGEACSVRTLNYRKDGTPFWQLLTVTPIKTPDGRVSKFVGVQVDVTSKTEGKALA,4.032197952270508
MAGLQHTFVVADATLPDCPLVYASEGFYMMTGYPPDEVLGHNARFLQGEQTDPKEVQKIRDAIKKGEACSVRLLNYRKDGTPFWNLLTVTPIKTPDGRVSKFVGVQVDVTSKTEAKALA,4.091535568237305
MAGLEHTFVVADATLPDCPLVYASEGFLMMTGYPPDEVLGHNARFLQGEGTDPKEVQKIRDAIKKGEACSVRLLNYRKDGTPFWQLLTVTPIKTPDGRVSKFVGVQVDVTSKTEGKALA,4.073240756988525
MAGLQHTFVVADATLPDCPLVYASEGFYMMTGYPPDEVLGHNARFLQGEGTDPKEVQKIRDAIKKGEACSLRLLNYRKDGTPFWNLLTVTPIKTPDGRVSKFVGVQVDVTSKTEAKALA,4.0865349769592285
MAGLEHTFVVADATLPDCPLVYASEGFYMMTGYGPDEVLGHNARFLQGEGTDPKEVQKIRDSIKKGEACSVRLLNYRKDGTPFWNLLTVTPISTPDGRVSKFVGVQVDVTSKTEAKALA,4.0987653732299805
MAGLEHTFVVADATLPDCPLVYASEGFYMMTGYPPDEVLGHNARFLQGEQTDPKEVQKIRDAIKKGEACSVRLLNYRKDGTPFWQLLTVTPIKTPDGRVSKFVGVQVDVTSKTEGKALA,4.0774030685424805
MAGLQHTFVVADATLPDCPLVYASEGFYMMTGYPPDEVLGHNARVLQGEGTDPKEVQKIRDAIKKGEACSVRLLNYRKDGTPFWQLLTVTPIKTPDGRVSKFVGVQVDVTSKTEGKALA,4.049617767333984
MAGLEHTFVVADATLPDCPLVYASEGFYAMTGYPPDEVLGHNARFLQGEGTDPKEVQKIRDAIKKGEACSLRLLNYRKDGTPFWNLLTVTPISTPDGRVSKFVGVQVDVTSKTEAKALA,4.104132652282715
MAGLEHTFVVADATLPDCPLVYASEGFYMMTGYPPDEVLGHNARFLQGEGTDPKEVKKIRDAIKKGEACSVRLLNYRKDGTPFWQLLTVTPIKTPDGRVSKFVGVQVDVTSKTEGKALA,4.078395366668701
MAGLEHTFVVADATLPDCPLVYASEGFYMMTGYPPDEVLGHNARFLQGEGTDPKELQKIRDAIKKGEACSVRLLNYRKDGTPFWQLLTVTPIKTPDGRVSKFVGVQVDVTSKTEGKALA,4.071506023406982
MAGLQHTFVVADATLPDCPLVYASEGFYMMTGYPPDEVLGHNARFLQGEGTDPKEVQKIRDAIKQGEACSVRLLNYRKDGTPFWNLLTVTPIKLPDGRVSKFVGVQVDVTSKTEGKALA,4.082798480987549
MAGLEHTFVVADATLPDCPLVYASEGFYMMTGYGPDEVLGHNARFLQGEGTDPKEVQKIRDAIKQGEACSVRLLNYRKDGTPFWNLLTVTPISTPDGRVSKFLGVQVDVTSKTEGKALA,4.079153060913086
MAGLQHTFVVADATLPDCPLVYASEGFYMMTGYPPDEVLGHNARVLQGEGTDPKEVQKIRDAIKKGEACSVRLLNYRKDGTPFWNLLTVTPIKTPDGRVSKFVGVQVDVTSKTEAKALA,4.077624320983887
MAGLEHTFVVADATLPDCPLVYASEGFYMMTGYPPDEVLGHNARFLQGEGTDPKEVQQIRDAIKKGEACSVRLLNYRKDGTPFWNLLTVTPIKTPDGRVSKFVGVQVDVTSKTEAKALA,4.105670928955078
MAGLQHTFVVADATLPDCPLVYASEGFYMMTGYPPDEVLGHNARFLQGEGTDPKEVQKIRDAIKKGEACSVRLLNYRKDGAPFWNLLTVTPIKTPDGRVSKFVGVQVDVTSKTEAKALA,4.092987537384033
MAGLQHTFVVADATLPDCPLVYASEGFYMMTGYPPDEVLGHNARFLQGEGTDPKELQKIRDAIKKGEACSVRLLNYRKDGTPFWNLLTVTPIKTPDGRVSKFVGVQVDVTSKTEAKALA,4.085299968719482
MAGLQHTFVVADATLPDCPLVYASEGFYMMTGYPPDEVLGHNARFLQGEGTDPKEVQKIRDAIKKGETCSVRLLNYRKDGTPFWNLLTVTPISTPDGRVSKFVGVQVDVTSKTEGKALA,4.0829362869262695
MAGLEHTFVVADATLPDCPLVYASEGFYMMTGYGPDEVLGHNARFLQGEGTDPKEVQQIRDAIKKGEACSLRLLNYRKDGTPFWNLLTVTPIKTPDGRVSKFVGVQVDVTSKTEAKALA,4.099921226501465
MAGLQHTFVVADATLPDCPLVYASEGFYMMTGYPPDEVLGHNARFLQGEGTDPKEVQKIRDAISKGEACSVRTLNYRKDGTPFWNLLTVTPIKTPDGRVSKFVGVQVDVTSKTEGKALA,4.037138938903809
MAGLQHTFVVADATLPDCPLVYASEGFYAMTGYPPDEVLGHNARFLQGEGTDPKEVQKIRDAVKKGEACSVRLLNYRKDGTPFWQLLTVTPISTPDGRVSKFVGVQVDVTSKTEGKALA,4.06088924407959
MAGLQHTFVVADATLPDCPLVYASEGFYMMTGYPPDEVLGHNARFLQGEGLDPKEVQKIRDSIKKGEACSVRLLNYRKDGTPFWNLLTVTPIKTPDGRVSKFVGVQVDVTSKTEGKALA,4.029574871063232
MAGLQHTFVVADATLPDCPLVYASEGFYMMTGYPPDEVLGHNSRFLQGEGTDPKEVQKIRDAIKKGEACSVRLLNYRKDGTPFWNLLTVTPISTPDGRVSKFVGVQVDVTSKTEGKALA,4.052109718322754
MAGLEHTFVVADATLPDCPLVYASEGFYMMTGYPPDEVLGHNARFLQGEGTDPKEVQKIRDAISKGEACSVRLLNYRKDGTPFWQLLTVTPIKTPDGRVSKFVGVQVDVTSKTEGKALA,4.077241897583008
MAGLEHTFVVADATLPDCPLVYASEGFYMMTGYPPDEVLGHNARFLQGEGTDPKEVQKIRDAIKKGEACSVRLLNYRKDGTPFWNLLTVTPIKTPDGRVSKFLGVQVDVTSKTEAKALA,4.089295864105225
MAGLEHTFVVADATLPDCPLVYASEGFYMMTGYGPDEVLGHNARFLQGEGTDPKEVQKIRDAIKKGEACSVRLLNYRKDGAPFWQLLTVTPIKTPDGRVSKFVGVQVDVTSKTEAKALA,4.087035179138184
MAGLEHTFVVADATLPDCPLVYASEGFYMMTGYPPDEVLGHNARFLQGEGTDPKDVQKIRDAIKKGEACSVRTLNYRKDGTPFWNLLTVTPIKTPDGRVSKFVGVQVDVTSKTEGKALA,4.061652183532715
MAGLQHTFVVADATLPDCPLVYASEGFYMMTGYPPDEVLGHNARFLQGEGTDPKEVQKIRDAISKGEACSVRLLNYRKDGTPFWNLLTVTPISTPDGRVSKFVGVQVDVTSKTEGKALA,4.082326889038086
MAGLQHTFVVADATLPDCPLVYASEGFYMMTGYPPDEVLGHNARFLQGEGTDPKEVQKIRDAIKKGEACSVRTLNYRKDGTPFWQLLTVTPIKTPDGRVSKFVGVQVDVTSKTEGKALA,4.017779350280762
MAGLQHTFVVADATLPDCPLVYASEGFYAMTGYPPDEVLGHNARVLQGEGTDPKEVQKIRDAIKKGEACSVRLLNYRKDGTPFWQLLTVTPIKTPDGRVSKFVGVQVDVTSKTEAKALA,4.057138919830322
MAGLQHTFVVADATLPDCPLVYASEGFYAMTGYPPDEVLGHNARFLQGEGTDPKEVQKIRDAIKKGEACSVRLLNYRKDGTPFWQLLTVTPISTPDGRVSKFVGVQVDVTSKTEAKALA,4.072868824005127
MAGLEHTFVVADATLPDCPLVYASEGFYMMTGYPPDEVLGHNARFLKGEGTDPKEVQKIRDAIKKGEACSVRLLNYRKDGTPFWQLLTVTPIKTPDGRVSKFVGVQVDVTSKTEGKALA,3.9937901496887207
MAGLQHTFVVADATLPDCPLVYASEGFYMMTGYPPDEVLGHNARFLQGEGTDPKEVQKIRDAIKKGEATSVRLLNYRKDGTPFWQLLTVTPIKTPDGRVSKFVGVQVDVTSKTEGKALA,4.062324523925781
MAGLQHTFVVADATLPDCPLVYASEGFYMMTGYPPDEVLGHNARFLQGEGTDPKEVQKIRDAIQKGEACSVRLLNYRKDGTPFWNLLTVTPISTPDGRVSKFVGVQVDVTSKTEGKALA,4.082318305969238
MAGLQHTFVVADATLPDCPLVYASEGFYMMTGYGPDEVLGHNARFLQGEGTDPKEVQKIRDAIKKGEACSLRLLNYRKDGTPFWQLLTVTPISTPDGRVSKFVGVQVDVTSKTEGKALA,4.054964542388916
MAGLEHTFVVADATLPDCPLVYASEGFYMMTGYPPDEVLGHNARVLQGEGTDPKEVQKIRDAIKKGEACSVRLLNYRKDGTPFWQLLTVTPIKTPDGRVSKFVGVQVDVTSKTEGKALA,4.064086437225342
MAGLQHTFVVADATLPDCPLVYASEGFYMMTGYPPDEVLGHNARFLQGEGTDPKEVQKIRDAIKKGEACSLRLLNYRKDGTPFWNLLTVTPISTPDGRVSKFVGVQVDVTSKTEGKALA,4.07841682434082
MAGLEHTFVVADATLPDCPLVYASEGFYMMTGYPPDEVLGHNSRFLQGEGTDPKEVQKIRDAIKKGEACSVRLLNYRKDGTPFWNLLTVTPIKTPDGRVSKFVGVQVDVTSKTEAKALA,4.075666427612305
MAGLEHTFVVADATLPDCPLVYASEGFYMMTGYPPDEVLGHNARFLQGEGTDPKEVQQIRDAIKKGEACSVRLLNYRKDGTPFWNLLTVTPISTPDGRVSKFVGVQVDVTSKTEGKALA,4.099820613861084
MAGLEHTFVVADATLPDCPLVYASEGFYMMTGYPPDEVLGHNARFLQGEGTDPKEVQKIRDAIKKGEACAVRLLNYRKDGTPFWQLLTVTPIKTPDGRVSKFVGVQVDVTSKTEGKALA,4.079349994659424
MAGLEHTFVVADATLPDCPLVYASEGFYMMTGYPPDEVLGHNARVLQGEGTDPKEVQKIRDAIKKGEACSVRLLNYRKDGTPFWNLLTVTPIKTPDGRVSKFVGVQVDVTSKTEAKALA,4.091093063354492
MAGLQHTFVVADATLPDCPLVYASEGFYMMTGYPPDEVLGHNARFLQGEGTDPKEVQKIRDSIKKGEACSVRLLNYRKDGTPFWQLLTVTPIKTPDGRVSKFVGVQVDVTSKTEGKALA,4.059569835662842
MAGLEHTFVVADATLPDCPLVYASEGFYMMTGYPPDEVLGHNARFLQGEGTDPKEVQKIRDAIKKGEACSVRLLNYRKDGTPFWQLLTLTPIKTPDGRVSKFVGVQVDVTSKTEGKALA,4.0492658615112305
MAGLEHTFVVADATLPDCPLVYASEGFYMMTGYPPDEVLGHNARFLKGEGTDPKEVQKIRDAIKKGEACSVRLLNYRKDGTPFWNLLTVTPISTPDGRVSKFVGVQVDVTSKTEGKALA,4.019256114959717
MAGLQHTFVVADATLPDCPLVYASEGFYMMTGYGPDEVLGHNARFLQGEGTDPKEVQKIRDAIKKGETCSLRLLNYRKDGTPFWQLLTVTPIKTPDGRVSKFVGVQVDVTSKTEGKALA,4.054043292999268
MAGLEHTFVVADATLPDCPLVYASEGFYMATGYPPDEVLGHNARFLQGEGTDPKEVQKIRDAIKKGEACSVRLLNYRKDGTPFWNLLTVTPISTPDGRVSKFVGVQVDVTSKTEGKALA,4.087578773498535
MAGLQHTFVVADATLPDCPLVYASEGFYMMTGYPPDEVLGHNARFLQGEGTDPKEVQKIRDSIKKGEACSVRLLNYRKDGTPFWNLLTVTPIKTPDGRVSKFVGVQVDVTSKTEAKALA,4.088125228881836
MAGLQHTFVVADATLPDCPLVYASEGFYMMTGYPPDEVLGHNARFLQGEGTDPKEVQQIRDAIKQGEACSVRLLNYRKDGTPFWNLLTVTPIKTPDGRVSKFVGVQVDVTSKTEGKALA,4.082658767700195
MAGLQHTFVVADATLPDCPLVYASEGFYMMTGYGPDEVLGHNARFLQGEGTDPKEVQKIRDAIKKGETCSVRLLNYRKDGTPFWQLLTVTPIKTPDGRVSKFVGVQVDVTSKTEAKALA,4.067044734954834
MAGLQHTFVVADATLPDCPLVYASEGFYMMTGYPPDEVLGHNARFLQGEGTDPKEVQQIRDAIKKGEACSVRLLNYRKDGTPFWNLLTVTPISTPDGRVSKFVGVQVDVTSKTEGKALA,4.085890293121338
MAGLQHTFVVADATLPDCPLVYASEGFYMMTGYPPDEVLGHNARFLQGEGTDPKEVQKIRDSIKKGEACSLRLLNYRKDGTPFWNLLTVTPIKTPDGRVSKFVGVQVDVTSKTEGKALA,4.07584810256958
MAGLEHTFVVADATLPDCPLVYASEGFYAMTGYPPDEVLGHNARFLQGEGTDPKEVQQIRDAIKQGEACSVRLLNYRKDGTPFWNLLTVTPISTPDGRVSKFVGVQVDVTSKTEGKALA,4.0994486808776855
MAGLQHTFVVADATLPDCPLVYASEGFYMMTGYPPDEVLGHNARFLQGEGTDPKEVQKIRDAIKQGEACSVRTLNYRKDGTPFWNLLTVTPIKTPDGRVSKFVGVQVDVTSKTEGKALA,4.036675453186035
MAGLEHTFVVADATLPDCPLVYASEGFLMMTGYPPDEVLGHNSRFLQGEGTDPKEVQKIRDAIKKGEACSVRLLNYRKDGTPFWNLLTVTPIKTPDGRVSKFVGVQVDVTSKTEGKALA,4.065419673919678
MAGLQHTFVVADATLPDCPLVYASEGFYMMTGYPPDEVLGHNARFLQGEGTDPSEVQKIRDAIKKGEACSVRLLNYRKDGTPFWNLLTVTPIKLPDGRVSKFVGVQVDVTSKTEGKALA,4.084721565246582
MAGLQHTFVVADATLPDCPLVYASEGFYMMTGYPPDEVLGHNARFLQGEQTDPKEVQKIRDAIKKGEACSVRLLNYRKDGTPFWNLLTVTPIKLPDGRVSKFVGVQVDVTSKTEGKALA,4.084381103515625
MAGLEHTFVVADATLPDCPLVYASEGFYAMTGYPPDEVLGHNARFLQGEGTDPKELQKIRDAIKKGEACSVRLLNYRKDGTPFWQLLTVTPISTPDGRVSKFVGVQVDVTSKTEGKALA,4.072014331817627
MAGLEHTFVVADATLPDCPLVYASEGFYMMTGYPPDEVTGHNARFLQGEGTDPKEVQKIRDAIKKGEACSVRLLNYRKDGTPFWQLLTVTPIKTPDGRVSKFVGVQVDVTSKTEGKALA,4.073379993438721
MAGLQHTFVVADATLPDCPLVYASEGFYMMTGYPPDEVLGHNARFLQGEGTDPKEVQQIRDAIKKGEACSVRLLNYRKDGTPFWNLLTVTPIKTPDGRVSKFVGVQVDVTSKTEAKALA,4.0923380851745605
MAGLQHTFVVADATLPDCPLVYASEGFYMMTGYPPDEVLGHNARFLQGEGTDPKEVQKIRDAIKKGEMCSVRLLNYRKDGTPFWQLLTVTPIKTPDGRVSKFVGVQVDVTSKTEGKALA,4.061303615570068
MAGLQHTFVVADATLPDCPLVYASEGFYMMTGYPPDEVLGHNARFLQGEGTDPKEVQKIRDAIKQGEACSVRLVNYRKDGTPFWNLLTVTPIKTPDGRVSKFVGVQVDVTSKTEGKALA,4.087669372558594
MAGLQHTFVVADATLPDCPLVYASEGFYMMTGYPPDEVLGHNARFLKGEGTDPKEVQKIRDAIKKGEACSVRLLNYRKDGTPFWQLLTVTPIKTPDGRVSKFVGVQVDVTSKTEGKALA,3.978071451187134
MAGLQHTFVVADATLPDCPLVYASEGFYAMTGYPPDEVLGHNARFLQGEGTDPKEVQQIRDAIKKGEACSVRLLNYRKDGTPFWQLLTVTPISTPDGRVSKFVGVQVDVTSKTEGKALA,4.067028045654297
MAGLQHTFVVADATLPDCPLVYASEGFYMMTGYPPDEVLGHNARFLQGEGTDPKDVQKIRDAIKKGEACSVRLLNYRKDGTPFWQLLTVTPIKTPDGRVSKFVGVQVDVTSKTEGKALA,4.070213794708252
MAGLQHTFVVADATLPDCPLVYASEGFYMMTGYPPDEVLGHNARFLQGEGTDPKEVQKIRDAIKKGEACSVRLLNYRKDGTPFWQLLTVTPIKTPDGRVSKFLGVQVDVTSKTEGKALA,4.047760009765625
MAGLQHTFVVADATLPDCPLVYASEGFYMMTGYGPDEVLGHNARFLQGEGTDPKEVQKIRDAIKKGEACSLRLLNYRKDGTPFWQLLTVTPIKTPDGRVSKFVGVQVDVTSKTEAKALA,4.06379508972168
MAGLEHTFVVADATLPDCPLVYASEGFYAMTGYPPDEVLGHNARFLQGEGTDPKEVQKIRDAIKKGEACSLRLLNYRKDGTPFWQLLTVTPISTPDGRVSKFVGVQVDVTSKTEGKALA,4.074342250823975
MAGLQHTFVVADATLPDCPLVYASEGFYMMTGYPPDEVLGHNARVLQGEGTDPKEVQQIRDAIKKGEACSVRLLNYRKDGTPFWNLLTVTPIKTPDGRVSKFVGVQVDVTSKTEGKALA,4.073346138000488
MAGLEHTFVVADATLPDCPLVYASEGFYMMTGYPPDEVLGHNARFLQGEGTDPKEVQQIRDAIKKGEACSVRLLNYRKDGTPFWNLLTVTPISTPDGRVSKFVGVQVDVTSKTEGKALA,4.099820613861084
MAGLQHTFVVADATLPDCPLVYASEGFYMMTGYPPDEVLGHNARFLQGEQTDPKEVQKIRDAIKQGEACSVRLLNYRKDGTPFWNLLTVTPIKTPDGRVSKFVGVQVDVTSKTEGKALA,4.082269191741943
MAGLQHTFVVADATLPDCPLVYASEGFYMMTGYPPDEVLGHNARFLQGEGTDPKELQKIRDAIKQGEACSVRLLNYRKDGTPFWNLLTVTPIKTPDGRVSKFVGVQVDVTSKTEGKALA,4.077351093292236
MAGLQHTFVVADATLPDCPLVYASEGFYAMTGYPPDEVLGHNARFLQGEGTDPKEVQKIRDAIKKGEACSVRVLNYRKDGTPFWQLLTVTPISTPDGRVSKFVGVQVDVTSKTEGKALA,4.028190612792969
MAGLEHTFVVADATLPDCPLVYASEGFYMMTGYPPDEVLGHNARFLQGEGTDPKEVQKIRDAIKKGEACSVRLLNYRKDGTPFWQLLTVLPIKTPDGRVSKFVGVQVDVTSKTEGKALA,4.072931289672852
MAGLEHTFVVADATLPDCPLVYASEGFYAMTGYPPDEVLGHNARFLQGEGTDPKEVQKIRDAIKKGEACSLRLLNYRKDGTPFWNLLTLTPIKTPDGRVSKFVGVQVDVTSKTEAKALA,4.073988914489746
MAGLQHTFVVADATLPDCPLVYASEGFYMMTGYPPDEVLGHNARFLQGEGTDPKEVQKIRDAIKKGEACSVRLVNYRKDGTPFWNLLTVTPISTPDGRVSKFVGVQVDVTSKTEGKALA,4.089986801147461
MAGLQHTFVVADATLPDCPLVYASEGFYMMTGYPPDEVLGHNARFLQGEGTDPKEVQKIRDAIKQGEACSVRLLNYRKDGTPFWNLLTVTPISTPDGRVSKFVGVQVDVTSKTEGKALA,4.082065582275391
MAGLEHTFVVADATLPDCPLVYASEGFYAMTGYPPDEVLGHNARFLQGEGTDPKEVQKIRDAIKKGESCSVRLLNYRKDGTPFWNLLTVTPISTPDGRVSKFVGVQVDVTSKTEAKALA,4.10795783996582
MAGLQHTFVVADATLPDCPLVYASEGFLMMTGYPPDEVLGHNARFLQGEGTDPKEVQKIRDAIKKGEACSVRLLNYRKDGTPFWNLLTVTPIKTPDGRVSKFVGVQVDVTSKTEAKALA,4.086514949798584
MAGLQHTFVVADATLPDCPLVYASEGFYAMTGYPPDEVLGHNARFLQGEGTDPKEVKKIRDAIKKGEACSLRLLNYRKDGTPFWQLLTVTPIKTPDGRVSKFVGVQVDVTSKTEGKALA,4.061516761779785
MAGLQHTFVVADATLPDCPLVYASEGFYMMTGYPPDEVLGHNARFLQGEGLDPKEVQKIRDAIKKGEACSLRLLNYRKDGTPFWNLLTVTPIKTPDGRVSKFVGVQVDVTSKTEGKALA,4.030064105987549
MAGLEHTFVVADATLPDCPLVYASEGFYMMTGYPPDEVLGHNARFLQGEGTDPKEVQKIRDAIKQGEACSVRLLNYRKDGTPFWNLLTVTPISTPDGRVSKFVGVQVDVTSKTEGKALA,4.095383167266846
MAGLQHTFVVADATLPDCPLVYASEGFLMMTGYPPDEVLGHNARFLQGEGTDPKEVQKIRDAIKKGEACSVRLLNYRKDGTPFWNLLTVTPISTPDGRVSKFVGVQVDVTSKTEGKALA,4.080503463745117
MAGLQHTFVVADATLPDCPLVYASEGFYMMTGYPPDEVLGHNARFLQGEGTDPKEVQKIRDAIKKGEACSVRLLNYRKDGTPFWQLLTVTPISTPDGRVSKFVGVQVDVTSKTEGKALA,4.0634284019470215
MAGLEHTFVVADATLPDCPLVYASEGFYMMTGYPPDEVLGHNARFLQGEGTDPKEVQKIRDAIKKGEACSVRLLNYRKDGTPFWNLLTVTPISTPDGRVSKFLGVQVDVTSKTEGKALA,4.0824666023254395
MAGLEHTFVVADATLPDCPLVYASEGFYMMTGYPPDEVLGHNARFLQGEGTDPKEVQKIRDAISKGEACSVRLLNYRKDGTPFWNLLTVTPIKTPDGRVSKFVGVQVDVTSKTEAKALA,4.103399276733398
MAGLQHTFVVADATLPDCPLVYASEGFYMMTGYPPDEVLGHNARFLQGEGTDPKEVQKIRDAIKKGETCSVRLLNYRKDGTPFWQLLTVTPIKTPDGRVSKFVGVQVDVTSKTEGKALA,4.061611652374268
MAGLQHTFVVADATLPDCPLVYASEGFYMMTGYGPDEVLGHNARFLQGEGTDPKEVQKIRDAIKKGEACSVRLLNYRKDGTPFWQLLTVTPISTPDGRVSKFVGVQVDVTSKTEAKALA,4.068478107452393
MAGLQHTFVVADATLPDCPLVYASEGFYAMTGYPPDEVTGHNARFLQGEGTDPKEVQKIRDAIKKGEACSLRLLNYRKDGTPFWQLLTVTPIKTPDGRVSKFVGVQVDVTSKTEGKALA,4.054781436920166
MAGLEHTFVVADATLPDCPLVYASEGFYMMTGYPPDEVLGHNSRFLQGEGTDPKEVQQIRDAIKKGEACSVRLLNYRKDGTPFWNLLTVTPIKTPDGRVSKFVGVQVDVTSKTEGKALA,4.0701003074646
MAGLEHTFVVADATLPDCPLVYASEGFYMMTGYPPDEVLGHNARFLQGEGTDPKEVQKIRDAIKKGEACSVRLLNYRKDGTPFWNLLTVTPISLPDGRVSKFVGVQVDVTSKTEGKALA,4.098286151885986
MAGLQHTFVVADATLPDCPLVYASEGFYMMTGYPPDEVLGHNARFLQGEGTDPKEVQKIRDAIKSGEACSVRLLNYRKDGTPFWQLLTVTPIKTPDGRVSKFVGVQVDVTSKTEGKALA,4.061697959899902
MAGLEHTFVVADATLPDCPLVYASEGFYMMTGYGPDEVLGHNARFLQGEGTDPKELQKIRDAIKQGEACSVRLLNYRKDGTPFWQLLTVTPIKTPDGRVSKFVGVQVDVTSKTEGKALA,4.0674285888671875
MAGLEHTFVVADATLPDCPLVYASEGFYAMTGYPPDEVLGHNARVLQGEGTDPKEVQKIRDAIKKGEACSVRLLNYRKDGTPFWNLLTLTPISTPDGRVSKFVGVQVDVTSKTEGKALA,4.058225631713867
MAGLQHTFVVADATLPDCPLVYASEGFYAMTGYPPDEVLGHNARFLQGEGTDPKEVQKIRDAIKKGEACSLRLLNYRKDGTPFWNLLTVTPISTPDGRVSKFVGVQVDVTSKTEAKALA,4.089375972747803
MAGLQHTFVVADATLPDCPLVYASEGFYMMTGYPPDEVLGHNARFLQGEGTDPSEVQKIRDAIKKGEACSVRLLNYRKDGTPFWQLLTVTPIKTPDGRVSKFVGVQVDVTSKTEGKALA,4.062856674194336
MAGLEHTFVVADATLPDCPLVYASEGFYMMTGYPPDEVLGHNARFLQGEQTDPKEVQKIRDAIKKGEACSVRLLNYRKDGTPFWNLLTVTPIKTPDGRVSKFVGVQVDVTSKTEAKALA,4.104939937591553
MAGLEHTFVVADATLPDCPLVYASEGFYMMTGYPPDEVLGHNARFLQGEGTDPKEVQQIRDAIKKGEACSVRLLNYRKDGTPFWNLLTLTPIKTPDGRVSKFVGVQVDVTSKTEGKALA,4.073607921600342
MAGLEHTFVVADATLPDCPLVYASEGFYMMTGYPPDEVTGHNARFLQGEGTDPKEVQKIRDAIKKGEACSVRLLNYRKDGTPFWNLLTVTPISTPDGRVSKFVGVQVDVTSKTEGKALA,4.0936994552612305
MAGLEHTFVVADATLPDCPLVYASEGFYAMTGYPPDEVLGHNARVLQGEGTDPKEVQKIRDAIKKGEACSVRLLNYRKDGTPFWQLLTVTPIKTPDGRVSKFVGVQVDVTSKTEAKALA,4.0711164474487305
MAGLQHTFVVADATLPDCPLVYASEGFYMMTGYPSDEVLGHNARFLQGEGTDPKEVQKIRDAIKKGEACSLRLLNYRKDGTPFWNLLTVTPIKTPDGRVSKFVGVQVDVTSKTEGKALA,4.0812668800354
MAGLQHTFVVADATLPDCPLVYASEGFYAMTGYPPDEVLGHNARFLQGEGTDPKEVQKIRDAIKKGEACSVRLLNYRKDGTPFWQLLTVAPISTPDGRVSKFVGVQVDVTSKTEGKALA,4.0601911544799805
MAGLEHTFVVADATLPDCPLVYASEGFYAMTGYGPDEVLGHNARFLQGEGTDPKEVQKIRDAIKKGEACSVRLLNYRKDGAPFWQLLTVTPISTPDGRVSKFVGVQVDVTSKTEAKALA,4.0872955322265625
MAGLEHTFVVADATLPDCPLVYASEGFYMMTGYGPDEVLGHNARFLQGEGTDPKEVQQIRDAIKKGEACSLRLLNYRKDGTPFWQLLTVTPIKTPDGRVSKFVGVQVDVTSKTEGKALA,4.071497440338135
MAGLEHTFVVADATLPDCPLVYASEGFYAMTGYPPDEVLGHNARFLQGEGTDPKEVQKIRDAIKKGEACSLRLLNYRKDGTPFWQLLTVTPIKTPDGRVSKFVGVQVDVTSKTEAKALA,4.08181619644165
MAGLQHTFVVADATLPDCPLVYASEGFYMMTGYPPDEVLGHNARFLQGEGTDPKEVQKIRDAISKGEACSVRLLNYRKDGTPFWNLLTVTPIKTPDGRVSKFVGVQVDVTSKTEAKALA,4.089656829833984
MAGLEHTFVVADATLPDCPLVYASEGFYMMTGYGPDEVLGHNARFLQGEGTDPKEVQKIRDAIKKGEACSLRLLNYRKDGTPFWQLLTVTPISTPDGRVSKFVGVQVDVTSKTEGKALA,4.069480895996094
MAGLQHTFVVADATLPDCPLVYASEGFYAMTGYGPDEVLGHNARFLQGEGTDPKEVQKIRDAIKKGEACSLRLLNYRKDGTPFWQLLTVTPISTPDGRVSKFVGVQVDVTSKTEAKALA,4.063998222351074
MAGLQHTFVVADATLPDCPLVYASEGFYMMTGYPPDEVLGHNARFLQGEGTDPKEVQKIRDAIKKGEACSVRLVNYRKDGTPFWNLLTVLPIKTPDGRVSKFVGVQVDVTSKTEGKALA,4.082987308502197
MAGLQHTFVVADATLPDCPLVYASEGFYAMTGYPPDEVLGHNARFLQGEGTDPKEVKKIRDAIKQGEACSVRLLNYRKDGTPFWQLLTVTPIKTPDGRVSKFVGVQVDVTSKTEGKALA,4.062784194946289
MAGLQHTFVVADATLPDCPLVYASEGFYAMTGYPPDEVLGHNARFLQGEGTDPKEVQKIRDAIKQGEACSVRLLNYRKDGTPFWQLLTVTPIKTPDGRVSKFVGVQVDVTSKTEAKALA,4.0705885887146
MAGLEHTFVVADATLPDCPLVYASEGFYMMTGYGPDEVLGHNARFLQGEGTDPKEVQKIRDAIKKGEACSLRLLNYRKDGTPFWQLLTVTPIKLPDGRVSKFVGVQVDVTSKTEGKALA,4.071953773498535
MAGLEHTFVVADATLPDCPLIYASEGFYAMTGYPPDEVLGHNARFLQGEGTDPKEVQKIRDAIKKGEACSLRLLNYRKDGTPFWNLLTVTPISTPDGRVSKFVGVQVDVTSKTEGKALA,4.086614608764648
MAGLEHTFVVADATLPDCPLVYASEGFYMATGYGPDEVLGHNARFLQGEGTDPKEVQKIRDAIKKGEACSVRLLNYRKDGTPFWQLLTVTPISTPDGRVSKFVGVQVDVTSKTEGKALA,4.0627055168151855
MAGLEHTFVVADATLPDCPLVYASEGFYMMTGYPPDEVLGHNSRFLQGEGTDPKEVQKIRDAIKKGEACSVRLLNYRKDGTPFWNLLTVTPISTPDGRVSKFVGVQVDVTSKTEGKALA,4.067325592041016
MAGLQHTFVVADATLPDCPLVYASEGFYAMTGYPPDEVLGHNARFLQGEGTDPKEVQQIRDAIKKGEACSVRLLNYRKDGTPFWQLLTVTPISTPDGRVSKFVGVQVDVTSKTEGKALA,4.067028045654297
MAGLEHTFVVADATLPDCPLVYASEGFYMMTGYGPDEVLGHNARVLQGEGTDPKEVQKIRDAIKKGEACSVRLLNYRKDGTPFWQLLTVTPIKTPDGRVSKFVGVQVDVTSKTEAKALA,4.068830490112305
MAGLQHTFVVADATLPDCPLVYASEGFYMMTGYPPDEVLGHNARFLQGEGTDPKEVQKIRDAIKQGEACSLRLLNYRKDGTPFWNLLTVTPIKTPDGRVSKFVGVQVDVTSKTEGKALA,4.078286647796631
MAGLQHTFVVADATLPDCPLVYASEGFLMMTGYGPDEVLGHNARFLQGEGTDPKEVQKIRDAIKQGEACSVRLLNYRKDGTPFWQLLTVTPIKTPDGRVSKFVGVQVDVTSKTEGKALA,4.054758548736572
MAGLQHTFVVADATLPDCPLVYASEGFYMMTGYPPDEVLGHNARFLQGEQTDPKEVQKIRDAIKKGEACSVRLLNYRKDGTPFWQLLTVTPIKTPDGRVSKFVGVQVDVTSKTEGKALA,4.063272476196289
MAGLQHTFVVADATLPDCPLVYASEGFYMMTGYPSDEVLGHNARFLQGEGTDPKEVQKIRDAIKKGEACSVRLLNYRKDGTPFWQLLTVTPIKTPDGRVSKFVGVQVDVTSKTEGKALA,4.065512657165527
MAGLQHTFVVADATLPDCPLVYASEGFYMMTGYPPDEVLGHNARFLQGEGTDPKEVQKIRDAIKKGEACSVRLLNYRKDGTPFWQLLTVTPIKTPDGRVAKFVGVQVDVTSKTEGKALA,4.062726020812988
MAGLQHTFVVADATLPDCPLVYASEGFYMMTGYPPDEVLGHNARFLKGEGTDPKELQKIRDAIKKGEACSVRLLNYRKDGTPFWNLLTVTPIKTPDGRVSKFVGVQVDVTSKTEGKALA,3.996100664138794
MAGLEHTFVVADATLPDCPLVYASEGFYMMTGYPPDEVLGHNARFLQGEGTDPKEVQKIRDAIKKGETCSVRLLNYRKDGTPFWQLLTVTPIKTPDGRVSKFVGVQVDVTSKTEGKALA,4.076086521148682
MAGLQHTFVVADATLPDCPLVYASEGFYMMTGYPPDEVLGHNARFLQGEGTDPKEVQKIRDAIKKGEACSVRVLNYRKDGTPFWNLLTVAPIKTPDGRVSKFVGVQVDVTSKTEGKALA,4.046139240264893
MAGLQHTFVVADATLPDCPLVYASEGFYMMTGYPPDEVLGHNARFLQGEGTDPKELQKIRDAIKQGEACSVRLLNYRKDGTPFWNLLTVTPIKTPDGRVSKFVGVQVDVTSKTEGKALA,4.077351093292236
MAGLEHTFVVADATLPDCPLVYASEGFYMMTGYGPDEVLGHNARFLQGEGTDPKEVQKIRDAIKQGEACSVRLLNYRKDGTPFWQLLTVTPISTPDGRVSKFVGVQVDVTSKTEGKALA,4.0728535652160645
MAGLQHTFVVADATLPDCPLVYASEGFYMMTGYPPDEVLGHNARFLQGEGTDPKEVQKIRDAIKKGEACSVRLLNYRKDGTPFWNLLTVTPISLPDGRVSKFVGVQVDVTSKTEGKALA,4.084778785705566
MAGLQHTFVVADATLPDCPLVYASEGFYMMTGYPPDEVLGHNSRFLQGEGTDPKEVQKIRDAIKKGEACSLRLLNYRKDGTPFWNLLTVTPIKTPDGRVSKFVGVQVDVTSKTEGKALA,4.049032688140869
MAGLEHTFVVADATLPDCPLVYASEGFYMMTGYGPDEVLGHNARFLQGEGTDPKEVQKIRDAIKKGEACSVRTLNYRKDGTPFWNLLTVTPISTPDGRVSKFVGVQVDVTSKTEAKALA,4.057128429412842
MAGLQHTFVVADATLPDCPLVYASEGFYMMTGYPPDEVLGHNARFLQGEGTDPKEVKQIRDAIKKGEACSVRLLNYRKDGTPFWNLLTVTPIKTPDGRVSKFVGVQVDVTSKTEGKALA,4.0865936279296875
MAGLEHTFVVADATLPDCPLVYASEGFLMMTGYPPDEVLGHNARFLQGEGTDPKEVQKIRDAIKKGEACSLRLLNYRKDGTPFWNLLTVTPIKTPDGRVSKFVGVQVDVTSKTEGKALA,4.089613914489746
MAGLEHTFVVADATLPDCPLVYASEGFYAMTGYPPDEVLGHNARFLQGEGTDPKEVQKIRDSIKKGEACSVRLLNYRKDGTPFWQLLTVTPISTPDGRVSKFVGVQVDVTSKTEGKALA,4.074906349182129
MAGLEHTFVVADATLPDCPLVYASEGFYMMTGYPPDEVLGHNARFLQGEGTDPKEVQKIRDAIKKGETCSVRLLNYRKDGTPFWNLLTVTPIKTPDGRVSKFVGVQVDVTSKTEAKALA,4.102884769439697
MAGLEHTFVVADATLPDCPLVYASEGFYMMTGYPPDEVLGHNARFLQGEGTDPKEVQKIRDAIKKGEACSVRLLNYRKDGAPFWQLLTVTPIKTPDGRVSKFVGVQVDVTSKTEGKALA,4.080821514129639
MAGLEHTFVVADATLPDCPLVYASEGFYAMTGYPPDEVLGHNARFLQGEGTDPKEVQKIRDAIKKGEACSVRLLNYRKDGTPFWQLLTLTPIKTPDGRVSKFVGVQVDVTSKTEAKALA,4.058297634124756
MAGLEHTFVVADATLPDCPLVYASEGFYMMTGYGPDEVLGHNARFLQGEGTDPKEVQKIRDAIKQGEACSVRLLNYRKDGTPFWQLLTVTPIKTPDGRVSKFVGVQVDVTSKTEAKALA,4.081937789916992
MAGLQHTFVVADATLPDCPLVYASEGFYMMTGYPPDEVLGHNARFLQGEGTDPKEVQKIRDAIKKGEACSVRLLNYRKDGAPFWQLLTVTPIKTPDGRVSKFVGVQVDVTSKTEGKALA,4.065977573394775
MAGLEHTFVVADATLPDCPLVYASEGFYMMTGYPPDEVLGHNARFLQGEGTDPKEVQKIRDSIKKGEACSVRLLNYRKDGTPFWQLLTVTPIKTPDGRVSKFVGVQVDVTSKTEGKALA,4.074252605438232
MAGLQHTFVVADATLPDCPLVYASEGFYMMTGYPPDEVLGHNARFLQGEGLDPKEVQQIRDAIKKGEACSVRLLNYRKDGTPFWNLLTVTPIKTPDGRVSKFVGVQVDVTSKTEGKALA,4.035052299499512
MAGLEHTFVVADATLPDCPLVYASEGFYAMTGYPPDEVLGHNARFLQGEGTDPKEVQKIRDAIKKGEACSVRLLNYRKDGTPFWQLLTVTPIKTPDGRVAKFVGVQVDVTSKTEAKALA,4.084668159484863
MAGLQHTFVVADATLPDCPLVYASEGFYMMTGYPPDEVLGHNARFLQGEGTDPKEVQKIRDAIQKGEACSVRLLNYRKDGTPFWQLLTVTPIKTPDGRVSKFVGVQVDVTSKTEGKALA,4.063083171844482
MAGLQHTFVVADATLPDCPLVYASEGFYMMTGYPPDEVLGHNARFLQGEGTDPKEVQKIRDAIKKGEACSLRLVNYRKDGTPFWNLLTVTPIKTPDGRVSKFVGVQVDVTSKTEGKALA,4.0846171379089355
MAGLQHTFVVADATLPDCPLVYASEGFYMMTGYGPDEVLGHNARFLQGEGTDPKEVQKIRDAIKKGEACSVRLLNYRKDGAPFWQLLTVTPIKTPDGRVSKFVGVQVDVTSKTEAKALA,4.0729660987854
MAGLQHTFVVADATLPDCPLVYASEGFYMMTGYPPDEVLGHNARFLQGEGLDPKEVQKIRDAIKKGEACSVRLLNYRKDGTPFWQLLTVTPIKTPDGRVSKFVGVQVDVTSKTEGKALA,4.011067867279053
MAGLQHTFVVADATLPDCPLVYASEGFYMMTGYPPDEVLGHNARFLQGEGTDPKEVQKIRDAIKKGEACSVRLLNYRKDGTPFWNLLTVAPISTPDGRVSKFVGVQVDVTSKTEGKALA,4.0794501304626465
MAGLEHTFVVADATLPDCPLVYASEGFYMMTGYGPDEVLGHNARFLQGEGTDPKEVQQIRDAIKKGEACSVRLLNYRKDGTPFWQLLTVTPIKTPDGRVSKFVGVQVDVTSKTEAKALA,4.084035873413086
MAGLEHTFVVADATLPDCPLVYASEGFYAMTGYPPDEVLGHNARFLQGEGTDPKEVQKIRDAIKKGEATSLRLLNYRKDGTPFWQLLTVTPIKTPDGRVSKFVGVQVDVTSKTEGKALA,4.07295036315918
MAGLEHTFVVADATLPDCPLVYASEGFYMMTGYPPDEVLGHNARFLQGEGTDPKEVQKIRDAVKKGEACSVRLLNYRKDGTPFWQLLTVTPIKTPDGRVSKFVGVQVDVTSKTEGKALA,4.074326038360596
MAGLQHTFVVADATLPDCPLVYASEGFYMATGYPPDEVLGHNARFLQGEGTDPKEVQKIRDAIKKGEACSVRLLNYRKDGTPFWQLLTVTPIKTPDGRVSKFVGVQVDVTSKTEGKALA,4.052433490753174
MAGLEHTFVVADATLPDCPLVYASEGFYMMTGYGPDEVLGHNARFLQGEGTDPSEVQKIRDAIKKGEACSVRLLNYRKDGTPFWQLLTVTPIKTPDGRVSKFVGVQVDVTSKTEAKALA,4.083773612976074
MAGLQHTFVVADATLPDCPLVYASEGFYMMTGYPPDEVLGHNSRFLQGEGTDPKEVQQIRDAIKKGEACSVRLLNYRKDGTPFWNLLTVTPIKTPDGRVSKFVGVQVDVTSKTEGKALA,4.056178569793701
MAGLQHTFVVADATLPDCPLVYASEGFYMMTGYPPDEVLGHNARFLQGEGTDPKEVQKIRDAIKKGEACSLRLLNYRKDGAPFWNLLTVTPIKTPDGRVSKFVGVQVDVTSKTEGKALA,4.0818328857421875
MAGLQHTFVVADATLPDCPLVYASEGFLMMTGYPPDEVLGHNARFLQGEGTDPKEVKKIRDAIKKGEACSVRLLNYRKDGTPFWNLLTVTPIKTPDGRVSKFVGVQVDVTSKTEGKALA,4.082120418548584
MAGLQHTFVVADATLPDCPLVYASEGFYMMTGYPPDEVLGHNARFLQGEGTDPKEVQKIRDAVKKGEACSVRLLNYRKDGTPFWQLLTVTPIKTPDGRVSKFVGVQVDVTSKTEGKALA,4.060214996337891
MAGLEHTFVVADATLPDCPLVYASEGFYAMTGYGPDEVLGHNARFLQGEGTDPKEVQKIRDAIKKGEACSLRLLNYRKDGTPFWQLLTVTPISTPDGRVSKFVGVQVDVTSKTEAKALA,4.079298973083496
MAGLQHTFVVADATLPDCPLVYASEGFYAMTGYPPDEVLGHNARFLQGEGTDPKEVQKIRDAIKKGEACSVRLLNYRKDGTPFWQLLTVTPISTPDGRVAKFVGVQVDVTSKTEGKALA,4.063235759735107
MAGLQHTFVVADATLPDCPLVYASEGFYMMTGYPPDEVLGHNARFLQGEGTDPKEVQQIRDSIKKGEACSVRLLNYRKDGTPFWNLLTVTPIKTPDGRVSKFVGVQVDVTSKTEGKALA,4.081953048706055
MAGLQHTFVVADATLPDCPLVYASEGFYAMTGYPPDEVLGHNARFLQGEGTDPKEVQKIRDAIKQGEMCSVRLLNYRKDGTPFWNLLTVTPISTPDGRVSKFVGVQVDVTSKTEGKALA,4.083323001861572
MAGLEHTFVVADATLPDCPLVYASEGFYAMTGYPPDEVLGHNARFLQGEGTDPKEVQKIRDSIKKGEACSVRLLNYRKDGTPFWQLLTVTPIKTPDGRVSKFVGVQVDVTSKTEAKALA,4.083253860473633
MAGLEHTFVVADATLPDCPLVYASEGFYMMTGYPPDEVLGHNARFLQGEGTDPKEVQKIRDAIKKGEACSVRTLNYRKDGTPFWNLLTVTPISTPDGRVSKFVGVQVDVTSKTEGKALA,4.054697513580322
MAGLEHTFVVADATLPDCPLVYASEGFYMMTGYGPDEVLGHNARFLQGEGTDPKEVQQIRDAIKKGEACSVRLLNYRKDGTPFWQLLTVTPISTPDGRVSKFVGVQVDVTSKTEGKALA,4.076772212982178
MAGLQHTFVVADATLPDCPLVYASEGFYMMTGYPPDEVLGHNARFLQGEGTDPKEVQKIRDAVKQGEACSVRLLNYRKDGTPFWNLLTVTPIKTPDGRVSKFVGVQVDVTSKTEGKALA,4.079617500305176
MAGLQHTFVVADATLPDCPLVYASEGFYAMTGYPPDEVLGHNARFLKGEGTDPKEVQKIRDAIKKGEACSVRLLNYRKDGTPFWQLLTVTPISTPDGRVSKFVGVQVDVTSKTEGKALA,3.973750114440918
MAGLEHTFVVADATLPDCPLVYASEGFYAMTGYPPDEVLGHNARFLQGEGTDPKEVQKIRDAIKQGEACSLRLLNYRKDGTPFWNLLTVTPISTPDGRVSKFVGVQVDVTSKTEGKALA,4.094141006469727
MAGLEHTFVVADATLPDCPLVYASEGFYMMTGYPPDEVLGHNARVLQGEGTDPKEVQKIRDAIKKGEACSVRLLNYRKDGTPFWNLLTVTPISTPDGRVSKFVGVQVDVTSKTEGKALA,4.084184169769287
MAGLEHTFVVADATLPDCPLVYASEGFYMMTGYPPDEVLGHNAGFLQGEGTDPKEVQKIRDAIKKGEACSVRLLNYRKDGTPFWNLLTVTPIKTPDGRVSKFVGVQVDVTSKTEAKALA,4.09714412689209
MAGLEHTFVVADATLPDCPLVYASEGFYMMTGYPPDEVLGHNARFLQGEGTDPKEVQKIRDAIKKGEMCSVRLLNYRKDGTPFWQLLTVTPIKTPDGRVSKFVGVQVDVTSKTEGKALA,4.075768947601318
MAGLEHTFVVADATLPDCPLVYASEGFYMMTGYPPDEVLGHNARFLQGEGTDPKEVQKIRDAIQKGEACSVRLLNYRKDGTPFWQLLTVTPIKTPDGRVSKFVGVQVDVTSKTEGKALA,4.077508449554443
MAGLEHTFVVADATLPDCPLVYASEGFYMMTGYGPDEVLGHNARFLQGEGTDPKEVKKIRDAIKKGEACSVRLLNYRKDGTPFWQLLTVTPISTPDGRVSKFVGVQVDVTSKTEGKALA,4.075884819030762
MAGLQHTFVVADATLPDCPLVYASEGFYMMTGYPPDEVLGHNARFLQGEGTDPKEVQKIRDAIKKGEACSVRLLNYRKDGTPFWQLLTVTPIKLPDGRVSKFVGVQVDVTSKTEGKALA,4.064534664154053
MAGLQHTFVVADATLPDCPLVYASEGFYMMTGYPPDEVLGHNSRFLQGEGTDPKEVQKIRDAIKKGEACSVRLLNYRKDGTPFWNLLTVTPIKTPDGRVSKFVGVQVDVTSKTEAKALA,4.061142444610596
MAGLEHTFVVADATLPDCPLVYASEGFYMMTGYPPDEVLGHNARFLKGEGTDPKEVQKIRDAIKKGEACSLRLLNYRKDGTPFWNLLTVTPIKTPDGRVSKFVGVQVDVTSKTEGKALA,4.013638019561768
MAGLQHTFVVADATLPDCPLVYASEGFYMMTGYPPDEVLGHNARFLQGEGTDPKEVQKIRDSIKKGEACSVRLLNYRKDGTPFWNLLTVTPISTPDGRVSKFVGVQVDVTSKTEGKALA,4.080493450164795
MAGLEHTFVVADATLPDCPLVYASEGFYMMTGYPPDEVLGHNARFLQGEGTDPKEVQKIRDAIKKGEACSVRLLNYRKDGTPFWQLLTVTPIKTPDGRVSKFLGVQVDVTSKTEGKALA,4.06233024597168
MAGLEHTFVVADATLPDCPLVYASEGFYMMTGYGPDEVLGHNARFLQGEGTDPKEVQKIRDAIKKGEACSLRLLNYRKDGTPFWNLLTVTPISTPDGRVSKFVGVQVDVTSKTEAKALA,4.098057270050049
MAGLQHTFVVADATLPDCPLVYASEGFYAMTGYPPDEVLGHNAGVLQGEGTDPKEVQKIRDAIKKGEACSVRLLNYRKDGTPFWNLLTVTPIKTPDGRVSKFVGVQVDVTSKTEAKALA,4.072988510131836
MAGLQHTFVVADATLPDCPLVYASEGFYMMTGYPPDEVLGHNARFLQGEGTDPKELQKIRDAIKKGEACSVRLLNYRKDGTPFWNLLTVTPISTPDGRVSKFVGVQVDVTSKTEGKALA,4.078926086425781
