Adjusted Design,Score,Mutations
MAGLEHTFVVADATLPDCPLVYASEGFYAMTGYPPDEVLGHNARFLQGEGTDPKEVQKIRDAIKKGESCSVRLLNYRKDGTPFWNLLTVTPISTPDGRVSKFVGVQVDVTSKTEAKALA,4.10795783996582,"R5E, G34P, A68S, K93S, G115A"
MAGLEHTFVVADATLPDCPLVYASEGFYMMTGYPPDEVLGHNARFLQGEGTDPKEVQQIRDAIKKGEACSVRLLNYRKDGTPFWNLLTVTPIKTPDGRVSKFVGVQVDVTSKTEAKALA,4.105670928955078,"R5E, A29M, G34P, K58Q, G115A"
MAGLEHTFVVADATLPDCPLVYASEGFYMMTGYPPDEVLGHNARFLQGEGTDPKEVQKIRDAIKKGEACSVRLLNYRKDGTPFWNLLTVTPISTPDGRVSKFVGVQVDVTSKTEAKALA,4.105238914489746,"R5E, A29M, G34P, K93S, G115A"
MAGLEHTFVVADATLPDCPLVYASEGFYMMTGYPPDEVLGHNARFLQGEGTDPKEVQKIRDAIKKGEACAVRLLNYRKDGTPFWNLLTVTPIKTPDGRVSKFVGVQVDVTSKTEAKALA,4.105233192443848,"R5E, A29M, G34P, S70A, G115A"
MAGLEHTFVVADATLPDCPLVYASEGFYMMTGYPPDEVLGHNARFLQGEQTDPKEVQKIRDAIKKGEACSVRLLNYRKDGTPFWNLLTVTPIKTPDGRVSKFVGVQVDVTSKTEAKALA,4.104939937591553,"R5E, A29M, G34P, G50Q, G115A"
MAGLEHTFVVADATLPDCPLVYASEGFYAMTGYPPDEVLGHNARFLQGEGTDPKEVQKIRDAIKKGEACSLRLLNYRKDGTPFWNLLTVTPISTPDGRVSKFVGVQVDVTSKTEAKALA,4.104132652282715,"R5E, G34P, V71L, K93S, G115A"
MAGLEHTFVVADATLPDCPLVYASEGFYMMTGYPPDEVLGHNARFLQGEGTDPKEVQKIRDAIKQGEACSVRLLNYRKDGTPFWNLLTVTPIKTPDGRVSKFVGVQVDVTSKTEAKALA,4.103739261627197,"R5E, A29M, G34P, K65Q, G115A"
MAGLEHTFVVADATLPDCPLVYASEGFYMMTGYPPDEVLGHNARFLQGEGTDPKEVQKIRDAISKGEACSVRLLNYRKDGTPFWNLLTVTPIKTPDGRVSKFVGVQVDVTSKTEAKALA,4.103399276733398,"R5E, A29M, G34P, K64S, G115A"
MAGLEHTFVVADATLPDCPLVYASEGFYMMTGYPPDEVLGHNARFLQGEGTDPKEVQKIRDAIKKGETCSVRLLNYRKDGTPFWNLLTVTPIKTPDGRVSKFVGVQVDVTSKTEAKALA,4.102884769439697,"R5E, A29M, G34P, A68T, G115A"
MAGLEHTFVVADATLPDCPLVYASEGFYMMTGYPPDEVLGHNARFLQGEGTDPKEVQKIRDAIKKGEACSLRLLNYRKDGTPFWNLLTVTPIKTPDGRVSKFVGVQVDVTSKTEAKALA,4.100939750671387,"R5E, A29M, G34P, V71L, G115A"
MAGLEHTFVVADATLPDCPLVYASEGFYMMTGYGPDEVLGHNARFLQGEGTDPKEVQQIRDAIKKGEACSLRLLNYRKDGTPFWNLLTVTPIKTPDGRVSKFVGVQVDVTSKTEAKALA,4.099921226501465,"R5E, A29M, K58Q, V71L, G115A"
MAGLEHTFVVADATLPDCPLVYASEGFYMMTGYPPDEVLGHNARFLQGEGTDPKEVQQIRDAIKKGEACSVRLLNYRKDGTPFWNLLTVTPISTPDGRVSKFVGVQVDVTSKTEGKALA,4.099820613861084,"R5E, A29M, G34P, K58Q, K93S"
MAGLEHTFVVADATLPDCPLVYASEGFYMMTGYPPDEVLGHNARFLQGEGTDPKEVQQIRDAIKKGEACSVRLLNYRKDGTPFWNLLTVTPISTPDGRVSKFVGVQVDVTSKTEGKALA,4.099820613861084,"R5E, A29M, G34P, K58Q, K93S"
MAGLEHTFVVADATLPDCPLVYASEGFYAMTGYPPDEVLGHNARFLQGEGTDPKEVQQIRDAIKQGEACSVRLLNYRKDGTPFWNLLTVTPISTPDGRVSKFVGVQVDVTSKTEGKALA,4.0994486808776855,"R5E, G34P, K58Q, K65Q, K93S"
MAGLEHTFVVADATLPDCPLVYASEGFYMMTGYPPDEVLGHNARFLQGEGTDPKEVKKIRDAIKKGEACSVRLLNYRKDGTPFWNLLTVTPISTPDGRVSKFVGVQVDVTSKTEGKALA,4.098923206329346,"R5E, A29M, G34P, Q57K, K93S"
MAGLEHTFVVADATLPDCPLVYASEGFYMMTGYGPDEVLGHNARFLQGEGTDPKEVQKIRDSIKKGEACSVRLLNYRKDGTPFWNLLTVTPISTPDGRVSKFVGVQVDVTSKTEAKALA,4.0987653732299805,"R5E, A29M, A62S, K93S, G115A"
MAGLEHTFVVADATLPDCPLVYASEGFYMMTGYPPDEVLGHNARFLQGEGTDPKEVQKIRDAIKKGEACSVRLLNYRKDGTPFWNLLTVTPISLPDGRVSKFVGVQVDVTSKTEGKALA,4.098286151885986,"R5E, A29M, G34P, K93S, T94L"
MAGLEHTFVVADATLPDCPLVYASEGFYMMTGYGPDEVLGHNARFLQGEGTDPKEVQKIRDAIKKGEACSLRLLNYRKDGTPFWNLLTVTPISTPDGRVSKFVGVQVDVTSKTEAKALA,4.098057270050049,"R5E, A29M, V71L, K93S, G115A"
MAGLEHTFVVADATLPDCPLVYASEGFYMMTGYPPDEVLGHNAGFLQGEGTDPKEVQKIRDAIKKGEACSVRLLNYRKDGTPFWNLLTVTPIKTPDGRVSKFVGVQVDVTSKTEAKALA,4.09714412689209,"R5E, A29M, G34P, R44G, G115A"
MAGLEHTFVVADATLPDCPLVYASEGFYMMTGYPPDEVLGHNARFLQGEGTDPKEVQKIRDAIKQGEACSVRLLNYRKDGTPFWNLLTVTPISTPDGRVSKFVGVQVDVTSKTEGKALA,4.095383167266846,"R5E, A29M, G34P, K65Q, K93S"
MAGLEHTFVVADATLPDCPLVYASEGFLMMTGYPPDEVLGHNARFLQGEGTDPKEVQKIRDAIKKGEACSVRLLNYRKDGTPFWNLLTVTPISTPDGRVSKFVGVQVDVTSKTEGKALA,4.094688415527344,"R5E, Y28L, A29M, G34P, K93S"
MAGLEHTFVVADATLPDCPLVYASEGFYAMTGYPPDEVLGHNARFLQGEGTDPKEVQKIRDAIKQGEACSLRLLNYRKDGTPFWNLLTVTPISTPDGRVSKFVGVQVDVTSKTEGKALA,4.094141006469727,"R5E, G34P, K65Q, V71L, K93S"
MAGLEHTFVVADATLPDCPLVYASEGFYMMTGYPPDEVTGHNARFLQGEGTDPKEVQKIRDAIKKGEACSVRLLNYRKDGTPFWNLLTVTPISTPDGRVSKFVGVQVDVTSKTEGKALA,4.0936994552612305,"R5E, A29M, G34P, L39T, K93S"
MAGLQHTFVVADATLPDCPLVYASEGFYMMTGYPPDEVLGHNARFLQGEGTDPKEVQKIRDAIKKGEACSVRLLNYRKDGAPFWNLLTVTPIKTPDGRVSKFVGVQVDVTSKTEAKALA,4.092987537384033,"R5Q, A29M, G34P, T81A, G115A"
MAGLEHTFVVADATLPDCPLVYASEGFYMMTGYPPDEVLGHNARFLQGEGTDPKEVQKIRDAIKKGEACSLRLLNYRKDGTPFWNLLTVTPISTPDGRVSKFVGVQVDVTSKTEGKALA,4.092959880828857,"R5E, A29M, G34P, V71L, K93S"
MAGLQHTFVVADATLPDCPLVYASEGFYMMTGYPPDEVLGHNARFLQGEGTDPKEVQQIRDAIKKGEACSVRLLNYRKDGTPFWNLLTVTPIKTPDGRVSKFVGVQVDVTSKTEAKALA,4.0923380851745605,"R5Q, A29M, G34P, K58Q, G115A"
MAGLEHTFVVADATLPDCPLVYASEGFYMMTGYPPDEVLGHNARFLQGEGTDPKEVQKIRDAIKQGEACSLRLLNYRKDGTPFWNLLTVTPIKTPDGRVSKFVGVQVDVTSKTEGKALA,4.091813087463379,"R5E, A29M, G34P, K65Q, V71L"
MAGLQHTFVVADATLPDCPLVYASEGFYMMTGYPPDEVLGHNARFLQGEGTDPKEVQKIRDAIKKGEACSVRLLNYRKDGTPFWNLLTVTPISTPDGRVSKFVGVQVDVTSKTEAKALA,4.091679096221924,"R5Q, A29M, G34P, K93S, G115A"
MAGLQHTFVVADATLPDCPLVYASEGFYMMTGYPPDEVLGHNARFLQGEQTDPKEVQKIRDAIKKGEACSVRLLNYRKDGTPFWNLLTVTPIKTPDGRVSKFVGVQVDVTSKTEAKALA,4.091535568237305,"R5Q, A29M, G34P, G50Q, G115A"
MAGLEHTFVVADATLPDCPLVYASEGFYMMTGYPPDEVLGHNARVLQGEGTDPKEVQKIRDAIKKGEACSVRLLNYRKDGTPFWNLLTVTPIKTPDGRVSKFVGVQVDVTSKTEAKALA,4.091093063354492,"R5E, A29M, G34P, F45V, G115A"
MAGLQHTFVVADATLPDCPLVYASEGFYMMTGYPPDEVLGHNARFLQGEGTDPKEVQKIRDAIKQGEACSVRLLNYRKDGTPFWNLLTVTPIKTPDGRVSKFVGVQVDVTSKTEAKALA,4.090683937072754,"R5Q, A29M, G34P, K65Q, G115A"
MAGLQHTFVVADATLPDCPLVYASEGFYAMTGYPPDEVLGHNARFLQGEGTDPKEVQQIRDAIKKGEACSVRLLNYRKDGAPFWNLLTVTPISTPDGRVSKFVGVQVDVTSKTEGKALA,4.0906267166137695,"R5Q, G34P, K58Q, T81A, K93S"
MAGLQHTFVVADATLPDCPLVYASEGFYMMTGYPPDEVLGHNARFLQGEGTDPKEVQKIRDAIKKGEACSVRLVNYRKDGTPFWNLLTVTPISTPDGRVSKFVGVQVDVTSKTEGKALA,4.089986801147461,"R5Q, A29M, G34P, L74V, K93S"
MAGLQHTFVVADATLPDCPLVYASEGFYAMTGYPPDEVLGHNARFLQGEGTDPKEVKKIRDSIKKGEACSVRLLNYRKDGTPFWNLLTVTPIKTPDGRVSKFVGVQVDVTSKTEAKALA,4.089749336242676,"R5Q, G34P, Q57K, A62S, G115A"
MAGLQHTFVVADATLPDCPLVYASEGFYMMTGYPPDEVLGHNARFLQGEGTDPKEVQKIRDAISKGEACSVRLLNYRKDGTPFWNLLTVTPIKTPDGRVSKFVGVQVDVTSKTEAKALA,4.089656829833984,"R5Q, A29M, G34P, K64S, G115A"
MAGLEHTFVVADATLPDCPLVYASEGFLMMTGYPPDEVLGHNARFLQGEGTDPKEVQKIRDAIKKGEACSLRLLNYRKDGTPFWNLLTVTPIKTPDGRVSKFVGVQVDVTSKTEGKALA,4.089613914489746,"R5E, Y28L, A29M, G34P, V71L"
MAGLQHTFVVADATLPDCPLVYASEGFYAMTGYPPDEVLGHNARFLQGEGTDPKEVQKIRDAIKKGEACSLRLLNYRKDGTPFWNLLTVTPISTPDGRVSKFVGVQVDVTSKTEAKALA,4.089375972747803,"R5Q, G34P, V71L, K93S, G115A"
MAGLEHTFVVADATLPDCPLVYASEGFYMMTGYPPDEVLGHNARFLQGEGTDPKEVQKIRDAIKKGEACSVRLLNYRKDGTPFWNLLTVTPIKTPDGRVSKFLGVQVDVTSKTEAKALA,4.089295864105225,"R5E, A29M, G34P, V103L, G115A"
MAGLQHTFVVADATLPDCPLVYASEGFYMMTGYPPDEVLGHNARFLQGEGTDPKEVQKIRDSIKKGEACSVRLLNYRKDGTPFWNLLTVTPIKTPDGRVSKFVGVQVDVTSKTEAKALA,4.088125228881836,"R5Q, A29M, G34P, A62S, G115A"
MAGLQHTFVVADATLPDCPLVYASEGFYMMTGYPPDEVLGHNARFLQGEGTDPKEVQKIRDAIKQGEACSVRLVNYRKDGTPFWNLLTVTPIKTPDGRVSKFVGVQVDVTSKTEGKALA,4.087669372558594,"R5Q, A29M, G34P, K65Q, L74V"
MAGLEHTFVVADATLPDCPLVYASEGFYMATGYPPDEVLGHNARFLQGEGTDPKEVQKIRDAIKKGEACSVRLLNYRKDGTPFWNLLTVTPISTPDGRVSKFVGVQVDVTSKTEGKALA,4.087578773498535,"R5E, A29M, M30A, G34P, K93S"
MAGLEHTFVVADATLPDCPLVYASEGFYAMTGYPPDEVLGHNARFLQGEGTDPKEVQKIRDAIKKGEACSVRLLNYRKDGTPFWQLLTVTPISTPDGRVSKFVGVQVDVTSKTEAKALA,4.08734130859375,"R5E, G34P, N85Q, K93S, G115A"
MAGLEHTFVVADATLPDCPLVYASEGFYAMTGYGPDEVLGHNARFLQGEGTDPKEVQKIRDAIKKGEACSVRLLNYRKDGAPFWQLLTVTPISTPDGRVSKFVGVQVDVTSKTEAKALA,4.0872955322265625,"R5E, T81A, N85Q, K93S, G115A"
MAGLEHTFVVADATLPDCPLVYASEGFYMMTGYGPDEVLGHNARFLQGEGTDPKEVQKIRDAIKKGEACSVRLLNYRKDGAPFWQLLTVTPIKTPDGRVSKFVGVQVDVTSKTEAKALA,4.087035179138184,"R5E, A29M, T81A, N85Q, G115A"
MAGLEHTFVVADATLPDCPLIYASEGFYAMTGYPPDEVLGHNARFLQGEGTDPKEVQKIRDAIKKGEACSLRLLNYRKDGTPFWNLLTVTPISTPDGRVSKFVGVQVDVTSKTEGKALA,4.086614608764648,"R5E, V21I, G34P, V71L, K93S"
MAGLQHTFVVADATLPDCPLVYASEGFYMMTGYPPDEVLGHNARFLQGEGTDPKEVKQIRDAIKKGEACSVRLLNYRKDGTPFWNLLTVTPIKTPDGRVSKFVGVQVDVTSKTEGKALA,4.0865936279296875,"R5Q, A29M, G34P, Q57K, K58Q"
MAGLQHTFVVADATLPDCPLVYASEGFYMMTGYPPDEVLGHNARFLQGEGTDPKEVQKIRDAIKKGEACSLRLLNYRKDGTPFWNLLTVTPIKTPDGRVSKFVGVQVDVTSKTEAKALA,4.0865349769592285,"R5Q, A29M, G34P, V71L, G115A"
MAGLQHTFVVADATLPDCPLVYASEGFLMMTGYPPDEVLGHNARFLQGEGTDPKEVQKIRDAIKKGEACSVRLLNYRKDGTPFWNLLTVTPIKTPDGRVSKFVGVQVDVTSKTEAKALA,4.086514949798584,"R5Q, Y28L, A29M, G34P, G115A"
MAGLQHTFVVADATLPDCPLVYASEGFYMMTGYPPDEVLGHNARFLQGEGTDPKEVQQIRDAIKKGEACSVRLLNYRKDGTPFWNLLTVTPISTPDGRVSKFVGVQVDVTSKTEGKALA,4.085890293121338,"R5Q, A29M, G34P, K58Q, K93S"
MAGLQHTFVVADATLPDCPLVYASEGFYMMTGYPPDEVLGHNARFLQGEGTDPKEVQQIRDAIKKGEACSVRLLNYRKDGTPFWNLLTVTPISTPDGRVSKFVGVQVDVTSKTEGKALA,4.085890293121338,"R5Q, A29M, G34P, K58Q, K93S"
MAGLQHTFVVADATLPDCPLVYASEGFYMMTGYPPDEVLGHNARFLQGEGTDPKELQKIRDAIKKGEACSVRLLNYRKDGTPFWNLLTVTPIKTPDGRVSKFVGVQVDVTSKTEAKALA,4.085299968719482,"R5Q, A29M, G34P, V56L, G115A"
MAGLQHTFVVADATLPDCPLVYASEGFYMMTGYPPDEVLGHNARFLQGEGTDPKEVQKIRDAIKKGEACSVRLLNYRKDGTPFWNLLTVTPISLPDGRVSKFVGVQVDVTSKTEGKALA,4.084778785705566,"R5Q, A29M, G34P, K93S, T94L"
MAGLQHTFVVADATLPDCPLVYASEGFYMMTGYPPDEVLGHNARFLQGEGTDPSEVQKIRDAIKKGEACSVRLLNYRKDGTPFWNLLTVTPIKLPDGRVSKFVGVQVDVTSKTEGKALA,4.084721565246582,"R5Q, A29M, G34P, K54S, T94L"
MAGLEHTFVVADATLPDCPLVYASEGFYAMTGYPPDEVLGHNARFLQGEGTDPKEVQKIRDAIKKGEACSVRLLNYRKDGTPFWQLLTVTPIKTPDGRVAKFVGVQVDVTSKTEAKALA,4.084668159484863,"R5E, G34P, N85Q, S100A, G115A"
MAGLQHTFVVADATLPDCPLVYASEGFYMMTGYPPDEVLGHNARFLQGEGTDPKEVQKIRDAIKKGEACSLRLVNYRKDGTPFWNLLTVTPIKTPDGRVSKFVGVQVDVTSKTEGKALA,4.0846171379089355,"R5Q, A29M, G34P, V71L, L74V"
MAGLQHTFVVADATLPDCPLVYASEGFYAMTGYPSDEVLGHNARFLQGEGTDPKEVQKIRDAIKKGEACSLRLLNYRKDGTPFWNLLTVTPISTPDGRVSKFVGVQVDVTSKTEGKALA,4.084603309631348,"R5Q, G34P, P35S, V71L, K93S"
MAGLQHTFVVADATLPDCPLVYASEGFYMMTGYPPDEVLGHNARFLQGEQTDPKEVQKIRDAIKKGEACSVRLLNYRKDGTPFWNLLTVTPIKLPDGRVSKFVGVQVDVTSKTEGKALA,4.084381103515625,"R5Q, A29M, G34P, G50Q, T94L"
MAGLEHTFVVADATLPDCPLVYASEGFYMMTGYPPDEVLGHNARFLQGEGTDPKEVQKIRDAIKKGEACSVRLLNYRKDGTPFWQLLTVTPIKTPDGRVSKFVGVQVDVTSKTEAKALA,4.084239482879639,"R5E, A29M, G34P, N85Q, G115A"
MAGLEHTFVVADATLPDCPLVYASEGFYMMTGYPPDEVLGHNARVLQGEGTDPKEVQKIRDAIKKGEACSVRLLNYRKDGTPFWNLLTVTPISTPDGRVSKFVGVQVDVTSKTEGKALA,4.084184169769287,"R5E, A29M, G34P, F45V, K93S"
MAGLEHTFVVADATLPDCPLVYASEGFYMMTGYGPDEVLGHNARFLQGEGTDPKEVQQIRDAIKKGEACSVRLLNYRKDGTPFWQLLTVTPIKTPDGRVSKFVGVQVDVTSKTEAKALA,4.084035873413086,"R5E, A29M, K58Q, N85Q, G115A"
MAGLQHTFVVADATLPDCPLVYASEGFYMMTGYPPDEVLGHNARFLQGEGTDPKEVQQIRDAIKKGETCSVRLLNYRKDGTPFWNLLTVTPIKTPDGRVSKFVGVQVDVTSKTEGKALA,4.083851337432861,"R5Q, A29M, G34P, K58Q, A68T"
MAGLEHTFVVADATLPDCPLVYASEGFYMMTGYGPDEVLGHNARFLQGEGTDPSEVQKIRDAIKKGEACSVRLLNYRKDGTPFWQLLTVTPIKTPDGRVSKFVGVQVDVTSKTEAKALA,4.083773612976074,"R5E, A29M, K54S, N85Q, G115A"
MAGLQHTFVVADATLPDCPLVYASEGFYAMTGYPPDEVLGHNARFLQGEGTDPKEVQKIRDAIKQGEMCSVRLLNYRKDGTPFWNLLTVTPISTPDGRVSKFVGVQVDVTSKTEGKALA,4.083323001861572,"R5Q, G34P, K65Q, A68M, K93S"
MAGLEHTFVVADATLPDCPLVYASEGFYAMTGYPPDEVLGHNARFLQGEGTDPKEVQKIRDSIKKGEACSVRLLNYRKDGTPFWQLLTVTPIKTPDGRVSKFVGVQVDVTSKTEAKALA,4.083253860473633,"R5E, G34P, A62S, N85Q, G115A"
MAGLQHTFVVADATLPDCPLVYASEGFYMMTGYPPDEVLGHNARFLQGEGTDPKEVQKIRDAIKKGEACSVRLVNYRKDGTPFWNLLTVLPIKTPDGRVSKFVGVQVDVTSKTEGKALA,4.082987308502197,"R5Q, A29M, G34P, L74V, T90L"
MAGLQHTFVVADATLPDCPLVYASEGFYMMTGYPPDEVLGHNARFLQGEGTDPKEVQKIRDAIKKGETCSVRLLNYRKDGTPFWNLLTVTPISTPDGRVSKFVGVQVDVTSKTEGKALA,4.0829362869262695,"R5Q, A29M, G34P, A68T, K93S"
MAGLEHTFVVADATLPDCPLVYASEGFYMMTGYGPDEVLGHNARFLQGEGTDPKEVQKIRDAIKKGEACSVRLLNYRKDGTPFWQLLTVTPISTPDGRVSKFVGVQVDVTSKTEAKALA,4.082818508148193,"R5E, A29M, N85Q, K93S, G115A"
MAGLQHTFVVADATLPDCPLVYASEGFYMMTGYPPDEVLGHNARFLQGEGTDPKEVQKIRDAIKQGEACSVRLLNYRKDGTPFWNLLTVTPIKLPDGRVSKFVGVQVDVTSKTEGKALA,4.082798480987549,"R5Q, A29M, G34P, K65Q, T94L"
MAGLQHTFVVADATLPDCPLVYASEGFYMMTGYPPDEVLGHNARFLQGEGTDPKEVQQIRDAIKQGEACSVRLLNYRKDGTPFWNLLTVTPIKTPDGRVSKFVGVQVDVTSKTEGKALA,4.082658767700195,"R5Q, A29M, G34P, K58Q, K65Q"
MAGLEHTFVVADATLPDCPLVYASEGFYMMTGYPPDEVLGHNARFLQGEGTDPKEVQKIRDAIKKGEACSVRLLNYRKDGTPFWNLLTVTPISTPDGRVSKFLGVQVDVTSKTEGKALA,4.0824666023254395,"R5E, A29M, G34P, K93S, V103L"
MAGLQHTFVVADATLPDCPLVYASEGFYMMTGYPPDEVLGHNARFLQGEGTDPKEVQKIRDAISKGEACSVRLLNYRKDGTPFWNLLTVTPISTPDGRVSKFVGVQVDVTSKTEGKALA,4.082326889038086,"R5Q, A29M, G34P, K64S, K93S"
MAGLQHTFVVADATLPDCPLVYASEGFYMMTGYPPDEVLGHNARFLQGEGTDPKEVQKIRDAIQKGEACSVRLLNYRKDGTPFWNLLTVTPISTPDGRVSKFVGVQVDVTSKTEGKALA,4.082318305969238,"R5Q, A29M, G34P, K64Q, K93S"
MAGLQHTFVVADATLPDCPLVYASEGFYMMTGYPPDEVLGHNARFLQGEQTDPKEVQKIRDAIKQGEACSVRLLNYRKDGTPFWNLLTVTPIKTPDGRVSKFVGVQVDVTSKTEGKALA,4.082269191741943,"R5Q, A29M, G34P, G50Q, K65Q"
MAGLQHTFVVADATLPDCPLVYASEGFLMMTGYPPDEVLGHNARFLQGEGTDPKEVKKIRDAIKKGEACSVRLLNYRKDGTPFWNLLTVTPIKTPDGRVSKFVGVQVDVTSKTEGKALA,4.082120418548584,"R5Q, Y28L, A29M, G34P, Q57K"
MAGLQHTFVVADATLPDCPLVYASEGFYMMTGYPPDEVLGHNARFLQGEGTDPKEVQKIRDAIKQGEACSVRLLNYRKDGTPFWNLLTVTPISTPDGRVSKFVGVQVDVTSKTEGKALA,4.082065582275391,"R5Q, A29M, G34P, K65Q, K93S"
MAGLQHTFVVADATLPDCPLVYASEGFYMMTGYPPDEVLGHNARFLQGEGTDPKEVQKIRDAIKQGEACSVRLLNYRKDGTPFWNLLTVTPISTPDGRVSKFVGVQVDVTSKTEGKALA,4.082065582275391,"R5Q, A29M, G34P, K65Q, K93S"
MAGLEHTFVVADATLPDCPLVYASEGFYAMTGYGPDEVLGHNARFLQGEQTDPKEVQKIRDAIKKGEACSVRLLNYRKDGTPFWQLLTVTPISTPDGRVSKFVGVQVDVTSKTEAKALA,4.08205509185791,"R5E, G50Q, N85Q, K93S, G115A"
MAGLQHTFVVADATLPDCPLVYASEGFYMMTGYPPDEVLGHNARFLQGEGTDPKEVQQIRDAIKKGEACSLRLLNYRKDGTPFWNLLTVTPIKTPDGRVSKFVGVQVDVTSKTEGKALA,4.082054615020752,"R5Q, A29M, G34P, K58Q, V71L"
MAGLQHTFVVADATLPDCPLVYASEGFYMMTGYPPDEVLGHNARFLQGEGTDPKEVQQIRDSIKKGEACSVRLLNYRKDGTPFWNLLTVTPIKTPDGRVSKFVGVQVDVTSKTEGKALA,4.081953048706055,"R5Q, A29M, G34P, K58Q, A62S"
MAGLEHTFVVADATLPDCPLVYASEGFYMMTGYGPDEVLGHNARFLQGEGTDPKEVQKIRDAIKQGEACSVRLLNYRKDGTPFWQLLTVTPIKTPDGRVSKFVGVQVDVTSKTEAKALA,4.081937789916992,"R5E, A29M, K65Q, N85Q, G115A"
MAGLQHTFVVADATLPDCPLVYASEGFYMMTGYPPDEVLGHNARFLQGEGTDPKEVQKIRDAIKKGEACSLRLLNYRKDGAPFWNLLTVTPIKTPDGRVSKFVGVQVDVTSKTEGKALA,4.0818328857421875,"R5Q, A29M, G34P, V71L, T81A"
MAGLEHTFVVADATLPDCPLVYASEGFYAMTGYPPDEVLGHNARFLQGEGTDPKEVQKIRDAIKKGEACSLRLLNYRKDGTPFWQLLTVTPIKTPDGRVSKFVGVQVDVTSKTEAKALA,4.08181619644165,"R5E, G34P, V71L, N85Q, G115A"
MAGLQHTFVVADATLPDCPLVYASEGFYMMTGYPSDEVLGHNARFLQGEGTDPKEVQKIRDAIKKGEACSLRLLNYRKDGTPFWNLLTVTPIKTPDGRVSKFVGVQVDVTSKTEGKALA,4.0812668800354,"R5Q, A29M, G34P, P35S, V71L"
MAGLEHTFVVADATLPDCPLVYASEGFYMMTGYPPDEVLGHNARVLQGEGTDPKEVQKIRDAIKKGEACSLRLLNYRKDGTPFWNLLTVTPIKTPDGRVSKFVGVQVDVTSKTEGKALA,4.080897808074951,"R5E, A29M, G34P, F45V, V71L"
MAGLEHTFVVADATLPDCPLVYASEGFYMMTGYPPDEVLGHNARFLQGEGTDPKEVQKIRDAIKKGEACSVRLLNYRKDGAPFWQLLTVTPIKTPDGRVSKFVGVQVDVTSKTEGKALA,4.080821514129639,"R5E, A29M, G34P, T81A, N85Q"
MAGLQHTFVVADATLPDCPLVYASEGFLMMTGYPPDEVLGHNARFLQGEGTDPKEVQKIRDAIKKGEACSVRLLNYRKDGTPFWNLLTVTPISTPDGRVSKFVGVQVDVTSKTEGKALA,4.080503463745117,"R5Q, Y28L, A29M, G34P, K93S"
MAGLQHTFVVADATLPDCPLVYASEGFYMMTGYPPDEVLGHNARFLQGEGTDPKEVQKIRDSIKKGEACSVRLLNYRKDGTPFWNLLTVTPISTPDGRVSKFVGVQVDVTSKTEGKALA,4.080493450164795,"R5Q, A29M, G34P, A62S, K93S"
MAGLEHTFVVADATLPDCPLVYASEGFYMMTGYPPDEVLGHNARFLQGEGTDPKEVQQIRDAIKKGEACSVRLLNYRKDGTPFWQLLTVTPIKTPDGRVSKFVGVQVDVTSKTEGKALA,4.079737186431885,"R5E, A29M, G34P, K58Q, N85Q"
MAGLEHTFVVADATLPDCPLVYASEGFLAMTGYGPDEVLGHNARFLQGEGTDPKEVQKIRDAIKKGEACSVRLLNYRKDGTPFWQLLTVTPISTPDGRVSKFVGVQVDVTSKTEAKALA,4.079710960388184,"R5E, Y28L, N85Q, K93S, G115A"
MAGLQHTFVVADATLPDCPLVYASEGFYMMTGYPPDEVLGHNARFLQGEGTDPKEVQKIRDAVKQGEACSVRLLNYRKDGTPFWNLLTVTPIKTPDGRVSKFVGVQVDVTSKTEGKALA,4.079617500305176,"R5Q, A29M, G34P, I63V, K65Q"
MAGLQHTFVVADATLPDCPLVYASEGFYMMTGYPPDEVLGHNARFLQGEGTDPKEVQKIRDAIKKGEACSVRLLNYRKDGTPFWNLLTVAPISTPDGRVSKFVGVQVDVTSKTEGKALA,4.0794501304626465,"R5Q, A29M, G34P, T90A, K93S"
MAGLEHTFVVADATLPDCPLVYASEGFYMMTGYPPDEVLGHNARFLQGEGTDPKEVQKIRDAIKKGEACAVRLLNYRKDGTPFWQLLTVTPIKTPDGRVSKFVGVQVDVTSKTEGKALA,4.079349994659424,"R5E, A29M, G34P, S70A, N85Q"
MAGLEHTFVVADATLPDCPLVYASEGFYAMTGYGPDEVLGHNARFLQGEGTDPKEVQKIRDAIKKGEACSLRLLNYRKDGTPFWQLLTVTPISTPDGRVSKFVGVQVDVTSKTEAKALA,4.079298973083496,"R5E, V71L, N85Q, K93S, G115A"
MAGLEHTFVVADATLPDCPLVYASEGFYMMTGYGPDEVLGHNARFLQGEGTDPKEVQKIRDAIKQGEACSVRLLNYRKDGTPFWNLLTVTPISTPDGRVSKFLGVQVDVTSKTEGKALA,4.079153060913086,"R5E, A29M, K65Q, K93S, V103L"
MAGLQHTFVVADATLPDCPLVYASEGFYMMTGYPPDEVLGHNARFLQGEGTDPKELQKIRDAIKKGEACSVRLLNYRKDGTPFWNLLTVTPISTPDGRVSKFVGVQVDVTSKTEGKALA,4.078926086425781,"R5Q, A29M, G34P, V56L, K93S"
MAGLQHTFVVADATLPDCPLVYASEGFYMMTGYPPDEVLGHNARFLQGEGTDPKEVQKIRDAIKKGEACSLRLLNYRKDGTPFWNLLTVTPISTPDGRVSKFVGVQVDVTSKTEGKALA,4.07841682434082,"R5Q, A29M, G34P, V71L, K93S"
MAGLQHTFVVADATLPDCPLVYASEGFYMMTGYPPDEVLGHNARFLQGEGTDPKEVQKIRDAIKKGEACSLRLLNYRKDGTPFWNLLTVTPISTPDGRVSKFVGVQVDVTSKTEGKALA,4.07841682434082,"R5Q, A29M, G34P, V71L, K93S"
MAGLEHTFVVADATLPDCPLVYASEGFYMMTGYPPDEVLGHNARFLQGEGTDPKEVKKIRDAIKKGEACSVRLLNYRKDGTPFWQLLTVTPIKTPDGRVSKFVGVQVDVTSKTEGKALA,4.078395366668701,"R5E, A29M, G34P, Q57K, N85Q"
MAGLQHTFVVADATLPDCPLVYASEGFYMMTGYPPDEVLGHNARFLQGEGTDPKEVQKIRDAIKQGEACSLRLLNYRKDGTPFWNLLTVTPIKTPDGRVSKFVGVQVDVTSKTEGKALA,4.078286647796631,"R5Q, A29M, G34P, K65Q, V71L"
MAGLEHTFVVADATLPDCPLVYASEGFYMMTGYGPDEVLGHNARFLQGEGTDPKEVQKIRDAIKKGEACSLRLLNYRKDGTPFWQLLTVTPIKTPDGRVSKFVGVQVDVTSKTEAKALA,4.078159809112549,"R5E, A29M, V71L, N85Q, G115A"
MAGLQHTFVVADATLPDCPLVYASEGFYMMTGYPPDEVLGHNARVLQGEGTDPKEVQKIRDAIKKGEACSVRLLNYRKDGTPFWNLLTVTPIKTPDGRVSKFVGVQVDVTSKTEAKALA,4.077624320983887,"R5Q, A29M, G34P, F45V, G115A"
MAGLEHTFVVADATLPDCPLVYASEGFYMMTGYPPDEVLGHNARFLQGEGTDPKEVQKIRDAIKKGEACSVRLLNYRKDGTPFWQLLTVTPISTPDGRVSKFVGVQVDVTSKTEGKALA,4.0775465965271,"R5E, A29M, G34P, N85Q, K93S"
MAGLQHTFVVADATLPDCPLVYASEGFYMMTGYPPDEVLGHNARFLQGEGTDPKEVQKIRDAIKKGEMCSLRLLNYRKDGTPFWNLLTVTPIKTPDGRVSKFVGVQVDVTSKTEGKALA,4.077523231506348,"R5Q, A29M, G34P, A68M, V71L"
MAGLEHTFVVADATLPDCPLVYASEGFYMMTGYPPDEVLGHNARFLQGEGTDPKEVQKIRDAIQKGEACSVRLLNYRKDGTPFWQLLTVTPIKTPDGRVSKFVGVQVDVTSKTEGKALA,4.077508449554443,"R5E, A29M, G34P, K64Q, N85Q"
MAGLEHTFVVADATLPDCPLVYASEGFYMMTGYPPDEVLGHNARFLQGEQTDPKEVQKIRDAIKKGEACSVRLLNYRKDGTPFWQLLTVTPIKTPDGRVSKFVGVQVDVTSKTEGKALA,4.0774030685424805,"R5E, A29M, G34P, G50Q, N85Q"
MAGLQHTFVVADATLPDCPLVYASEGFYMMTGYPPDEVLGHNARFLQGEGTDPKELQKIRDAIKQGEACSVRLLNYRKDGTPFWNLLTVTPIKTPDGRVSKFVGVQVDVTSKTEGKALA,4.077351093292236,"R5Q, A29M, G34P, V56L, K65Q"
MAGLQHTFVVADATLPDCPLVYASEGFYMMTGYPPDEVLGHNARFLQGEGTDPKELQKIRDAIKQGEACSVRLLNYRKDGTPFWNLLTVTPIKTPDGRVSKFVGVQVDVTSKTEGKALA,4.077351093292236,"R5Q, A29M, G34P, V56L, K65Q"
MAGLEHTFVVADATLPDCPLVYASEGFYMMTGYPPDEVLGHNARFLQGEGTDPKEVQKIRDAISKGEACSVRLLNYRKDGTPFWQLLTVTPIKTPDGRVSKFVGVQVDVTSKTEGKALA,4.077241897583008,"R5E, A29M, G34P, K64S, N85Q"
MAGLEHTFVVADATLPDCPLVYASEGFYMMTGYGPDEVLGHNARFLQGEGTDPKEVQQIRDAIKKGEACSVRLLNYRKDGTPFWQLLTVTPISTPDGRVSKFVGVQVDVTSKTEGKALA,4.076772212982178,"R5E, A29M, K58Q, N85Q, K93S"
MAGLEHTFVVADATLPDCPLVYASEGFYMMTGYPPDEVLGHNARFLQGEGTDPKEVQKIRDAIKKGETCSVRLLNYRKDGTPFWQLLTVTPIKTPDGRVSKFVGVQVDVTSKTEGKALA,4.076086521148682,"R5E, A29M, G34P, A68T, N85Q"
MAGLEHTFVVADATLPDCPLVYASEGFYMMTGYGPDEVLGHNARFLQGEGTDPKEVKKIRDAIKKGEACSVRLLNYRKDGTPFWQLLTVTPISTPDGRVSKFVGVQVDVTSKTEGKALA,4.075884819030762,"R5E, A29M, Q57K, N85Q, K93S"
MAGLQHTFVVADATLPDCPLVYASEGFYMMTGYPPDEVLGHNARFLQGEGTDPKEVQKIRDSIKKGEACSLRLLNYRKDGTPFWNLLTVTPIKTPDGRVSKFVGVQVDVTSKTEGKALA,4.07584810256958,"R5Q, A29M, G34P, A62S, V71L"
MAGLEHTFVVADATLPDCPLVYASEGFYMMTGYPPDEVLGHNARFLQGEGTDPKEVQKIRDAIKKGEMCSVRLLNYRKDGTPFWQLLTVTPIKTPDGRVSKFVGVQVDVTSKTEGKALA,4.075768947601318,"R5E, A29M, G34P, A68M, N85Q"
MAGLEHTFVVADATLPDCPLVYASEGFYMMTGYPPDEVLGHNARFLQGEGTDPKEVQKIRDAIKQGEACSVRLLNYRKDGTPFWQLLTVTPIKTPDGRVSKFVGVQVDVTSKTEGKALA,4.0756754875183105,"R5E, A29M, G34P, K65Q, N85Q"
MAGLEHTFVVADATLPDCPLVYASEGFYMMTGYPPDEVLGHNSRFLQGEGTDPKEVQKIRDAIKKGEACSVRLLNYRKDGTPFWNLLTVTPIKTPDGRVSKFVGVQVDVTSKTEAKALA,4.075666427612305,"R5E, A29M, G34P, A43S, G115A"
MAGLEHTFVVADATLPDCPLVYASEGFYAMTGYPPDEVLGHNARFLQGEGTDPKEVQKIRDSIKKGEACSVRLLNYRKDGTPFWQLLTVTPISTPDGRVSKFVGVQVDVTSKTEGKALA,4.074906349182129,"R5E, G34P, A62S, N85Q, K93S"
MAGLEHTFVVADATLPDCPLVYASEGFYAMTGYPPDEVLGHNARFLQGEGTDPKEVQKIRDAIKKGEACSLRLLNYRKDGTPFWQLLTVTPISTPDGRVSKFVGVQVDVTSKTEGKALA,4.074342250823975,"R5E, G34P, V71L, N85Q, K93S"
MAGLEHTFVVADATLPDCPLVYASEGFYMMTGYPPDEVLGHNARFLQGEGTDPKEVQKIRDAVKKGEACSVRLLNYRKDGTPFWQLLTVTPIKTPDGRVSKFVGVQVDVTSKTEGKALA,4.074326038360596,"R5E, A29M, G34P, I63V, N85Q"
MAGLEHTFVVADATLPDCPLVYASEGFYMMTGYPPDEVLGHNARFLQGEGTDPKEVQKIRDSIKKGEACSVRLLNYRKDGTPFWQLLTVTPIKTPDGRVSKFVGVQVDVTSKTEGKALA,4.074252605438232,"R5E, A29M, G34P, A62S, N85Q"
MAGLQHTFVVADATLPDCPLVYASEGFYMATGYPPDEVLGHNARFLQGEGTDPKEVQKIRDAIKKGEACSVRLLNYRKDGTPFWNLLTVTPIKLPDGRVSKFVGVQVDVTSKTEGKALA,4.074109077453613,"R5Q, A29M, M30A, G34P, T94L"
MAGLEHTFVVADATLPDCPLVYASEGFYAMTGYPPDEVLGHNARFLQGEGTDPKEVQKIRDAIKKGEACSLRLLNYRKDGTPFWNLLTLTPIKTPDGRVSKFVGVQVDVTSKTEAKALA,4.073988914489746,"R5E, G34P, V71L, V89L, G115A"
MAGLEHTFVVADATLPDCPLVYASEGFYMMTGYPPDEVLGHNARFLQGEGTDPKEVQQIRDAIKKGEACSVRLLNYRKDGTPFWNLLTLTPIKTPDGRVSKFVGVQVDVTSKTEGKALA,4.073607921600342,"R5E, A29M, G34P, K58Q, V89L"
MAGLEHTFVVADATLPDCPLVYASEGFYMMTGYPPDEVTGHNARFLQGEGTDPKEVQKIRDAIKKGEACSVRLLNYRKDGTPFWQLLTVTPIKTPDGRVSKFVGVQVDVTSKTEGKALA,4.073379993438721,"R5E, A29M, G34P, L39T, N85Q"
MAGLQHTFVVADATLPDCPLVYASEGFYMMTGYPPDEVLGHNARVLQGEGTDPKEVQQIRDAIKKGEACSVRLLNYRKDGTPFWNLLTVTPIKTPDGRVSKFVGVQVDVTSKTEGKALA,4.073346138000488,"R5Q, A29M, G34P, F45V, K58Q"
MAGLEHTFVVADATLPDCPLVYASEGFLMMTGYPPDEVLGHNARFLQGEGTDPKEVQKIRDAIKKGEACSVRLLNYRKDGTPFWQLLTVTPIKTPDGRVSKFVGVQVDVTSKTEGKALA,4.073240756988525,"R5E, Y28L, A29M, G34P, N85Q"
MAGLEHTFVVADATLPDCPLVYASEGFYMMTGYPPDEVLGHNARFLQGEGTDPKEVQKIRDAIKKGEACSLRLLNYRKDGTPFWQLLTVTPIKTPDGRVSKFVGVQVDVTSKTEGKALA,4.073208332061768,"R5E, A29M, G34P, V71L, N85Q"
MAGLQHTFVVADATLPDCPLVYASEGFYAMTGYPPDEVLGHNAGVLQGEGTDPKEVQKIRDAIKKGEACSVRLLNYRKDGTPFWNLLTVTPIKTPDGRVSKFVGVQVDVTSKTEAKALA,4.072988510131836,"R5Q, G34P, R44G, F45V, G115A"
MAGLQHTFVVADATLPDCPLVYASEGFYMMTGYGPDEVLGHNARFLQGEGTDPKEVQKIRDAIKKGEACSVRLLNYRKDGAPFWQLLTVTPIKTPDGRVSKFVGVQVDVTSKTEAKALA,4.0729660987854,"R5Q, A29M, T81A, N85Q, G115A"
MAGLEHTFVVADATLPDCPLVYASEGFYAMTGYPPDEVLGHNARFLQGEGTDPKEVQKIRDAIKKGEATSLRLLNYRKDGTPFWQLLTVTPIKTPDGRVSKFVGVQVDVTSKTEGKALA,4.07295036315918,"R5E, G34P, C69T, V71L, N85Q"
MAGLEHTFVVADATLPDCPLVYASEGFYMMTGYPPDEVLGHNARFLQGEGTDPKEVQKIRDAIKKGEACSVRLLNYRKDGTPFWQLLTVLPIKTPDGRVSKFVGVQVDVTSKTEGKALA,4.072931289672852,"R5E, A29M, G34P, N85Q, T90L"
MAGLQHTFVVADATLPDCPLVYASEGFYAMTGYPPDEVLGHNARFLQGEGTDPKEVQKIRDAIKKGEACSVRLLNYRKDGTPFWQLLTVTPISTPDGRVSKFVGVQVDVTSKTEAKALA,4.072868824005127,"R5Q, G34P, N85Q, K93S, G115A"
MAGLEHTFVVADATLPDCPLVYASEGFYMMTGYGPDEVLGHNARFLQGEGTDPKEVQKIRDAIKQGEACSVRLLNYRKDGTPFWQLLTVTPISTPDGRVSKFVGVQVDVTSKTEGKALA,4.0728535652160645,"R5E, A29M, K65Q, N85Q, K93S"
MAGLQHTFVVADATLPDCPLVYASEGFYAMTGYPPDEVLGHNARFLQGEGTDPKEVKKIRDAIKKGEACSVRLLNYRKDGTPFWQLLTVTPIKTPDGRVSKFVGVQVDVTSKTEAKALA,4.072848796844482,"R5Q, G34P, Q57K, N85Q, G115A"
MAGLEHTFVVADATLPDCPLVYASEGFYAMTGYPPDEVLGHNARFLQGEGTDPKELQKIRDAIKKGEACSVRLLNYRKDGTPFWQLLTVTPISTPDGRVSKFVGVQVDVTSKTEGKALA,4.072014331817627,"R5E, G34P, V56L, N85Q, K93S"
MAGLEHTFVVADATLPDCPLVYASEGFYMMTGYGPDEVLGHNARFLQGEGTDPKEVQKIRDAIKKGEACSLRLLNYRKDGTPFWQLLTVTPIKLPDGRVSKFVGVQVDVTSKTEGKALA,4.071953773498535,"R5E, A29M, V71L, N85Q, T94L"
MAGLEHTFVVADATLPDCPLVYASEGFYMMTGYPPDEVLGHNARFLQGEGTDPKELQKIRDAIKKGEACSVRLLNYRKDGTPFWQLLTVTPIKTPDGRVSKFVGVQVDVTSKTEGKALA,4.071506023406982,"R5E, A29M, G34P, V56L, N85Q"
MAGLEHTFVVADATLPDCPLVYASEGFYMMTGYGPDEVLGHNARFLQGEGTDPKEVQQIRDAIKKGEACSLRLLNYRKDGTPFWQLLTVTPIKTPDGRVSKFVGVQVDVTSKTEGKALA,4.071497440338135,"R5E, A29M, K58Q, V71L, N85Q"
MAGLEHTFVVADATLPDCPLVYASEGFYAMTGYPPDEVLGHNARVLQGEGTDPKEVQKIRDAIKKGEACSVRLLNYRKDGTPFWQLLTVTPIKTPDGRVSKFVGVQVDVTSKTEAKALA,4.0711164474487305,"R5E, G34P, F45V, N85Q, G115A"
MAGLQHTFVVADATLPDCPLVYASEGFYAMTGYPPDEVLGHNARFLQGEGTDPKEVQKIRDAIKQGEACSVRLLNYRKDGTPFWQLLTVTPIKTPDGRVSKFVGVQVDVTSKTEAKALA,4.0705885887146,"R5Q, G34P, K65Q, N85Q, G115A"
MAGLQHTFVVADATLPDCPLVYASEGFYMMTGYPPDEVLGHNARFLQGEGTDPKEVQKIRDAIKKGEACSVRLLNYRKDGTPFWQLLTVTPIKTPDGRVSKFVGVQVDVTSKTEAKALA,4.070306777954102,"R5Q, A29M, G34P, N85Q, G115A"
MAGLQHTFVVADATLPDCPLVYASEGFYMMTGYPPDEVLGHNARFLQGEGTDPKDVQKIRDAIKKGEACSVRLLNYRKDGTPFWQLLTVTPIKTPDGRVSKFVGVQVDVTSKTEGKALA,4.070213794708252,"R5Q, A29M, G34P, E55D, N85Q"
MAGLEHTFVVADATLPDCPLVYASEGFYMMTGYPPDEVLGHNSRFLQGEGTDPKEVQQIRDAIKKGEACSVRLLNYRKDGTPFWNLLTVTPIKTPDGRVSKFVGVQVDVTSKTEGKALA,4.0701003074646,"R5E, A29M, G34P, A43S, K58Q"
MAGLQHTFVVADATLPDCPLVYASEGFYAMTGYPPDEVLGHNARFLQGEGTDPKEVQKIRDAIKKGETCSVRLLNYRKDGTPFWQLLTVTPIKTPDGRVSKFVGVQVDVTSKTEAKALA,4.069997787475586,"R5Q, G34P, A68T, N85Q, G115A"
MAGLEHTFVVADATLPDCPLVYASEGFYMMTGYGPDEVLGHNARFLQGEGTDPKEVQKIRDAIKKGEACSLRLLNYRKDGTPFWQLLTVTPISTPDGRVSKFVGVQVDVTSKTEGKALA,4.069480895996094,"R5E, A29M, V71L, N85Q, K93S"
MAGLEHTFVVADATLPDCPLVYASEGFYMMTGYGPDEVLGHNARVLQGEGTDPKEVQKIRDAIKKGEACSVRLLNYRKDGTPFWQLLTVTPIKTPDGRVSKFVGVQVDVTSKTEAKALA,4.068830490112305,"R5E, A29M, F45V, N85Q, G115A"
MAGLQHTFVVADATLPDCPLVYASEGFYMMTGYGPDEVLGHNARFLQGEGTDPKEVQKIRDAIKKGEACSVRLLNYRKDGTPFWQLLTVTPISTPDGRVSKFVGVQVDVTSKTEAKALA,4.068478107452393,"R5Q, A29M, N85Q, K93S, G115A"
MAGLEHTFVVADATLPDCPLVYASEGFYMMTGYGPDEVLGHNARFLQGEGTDPKELQKIRDAIKQGEACSVRLLNYRKDGTPFWQLLTVTPIKTPDGRVSKFVGVQVDVTSKTEGKALA,4.0674285888671875,"R5E, A29M, V56L, K65Q, N85Q"
MAGLEHTFVVADATLPDCPLVYASEGFYMMTGYPPDEVLGHNSRFLQGEGTDPKEVQKIRDAIKKGEACSVRLLNYRKDGTPFWNLLTVTPISTPDGRVSKFVGVQVDVTSKTEGKALA,4.067325592041016,"R5E, A29M, G34P, A43S, K93S"
MAGLQHTFVVADATLPDCPLVYASEGFYMMTGYGPDEVLGHNARFLQGEGTDPKEVQKIRDAIKKGETCSVRLLNYRKDGTPFWQLLTVTPIKTPDGRVSKFVGVQVDVTSKTEAKALA,4.067044734954834,"R5Q, A29M, A68T, N85Q, G115A"
MAGLQHTFVVADATLPDCPLVYASEGFYAMTGYPPDEVLGHNARFLQGEGTDPKEVQQIRDAIKKGEACSVRLLNYRKDGTPFWQLLTVTPISTPDGRVSKFVGVQVDVTSKTEGKALA,4.067028045654297,"R5Q, G34P, K58Q, N85Q, K93S"
MAGLQHTFVVADATLPDCPLVYASEGFYAMTGYPPDEVLGHNARFLQGEGTDPKEVQQIRDAIKKGEACSVRLLNYRKDGTPFWQLLTVTPISTPDGRVSKFVGVQVDVTSKTEGKALA,4.067028045654297,"R5Q, G34P, K58Q, N85Q, K93S"
MAGLQHTFVVADATLPDCPLVYASEGFYAMTGYPPDEVLGHNARFLQGEGTDPKEVQKIRDAIKKGEACSLRLLNYRKDGTPFWQLLTVTPIKTPDGRVSKFVGVQVDVTSKTEAKALA,4.066737174987793,"R5Q, G34P, V71L, N85Q, G115A"
MAGLQHTFVVADATLPDCPLVYASEGFYMMTGYPPDEVLGHNARFLQGEGTDPKEVQKIRDAIKKGEACSVRLLNYRKDGAPFWQLLTVTPIKTPDGRVSKFVGVQVDVTSKTEGKALA,4.065977573394775,"R5Q, A29M, G34P, T81A, N85Q"
MAGLQHTFVVADATLPDCPLVYASEGFYMMTGYPPDEVLGHNARFLQGEGTDPKEVQQIRDAIKKGEACSVRLLNYRKDGTPFWQLLTVTPIKTPDGRVSKFVGVQVDVTSKTEGKALA,4.065603733062744,"R5Q, A29M, G34P, K58Q, N85Q"
MAGLQHTFVVADATLPDCPLVYASEGFYMMTGYPSDEVLGHNARFLQGEGTDPKEVQKIRDAIKKGEACSVRLLNYRKDGTPFWQLLTVTPIKTPDGRVSKFVGVQVDVTSKTEGKALA,4.065512657165527,"R5Q, A29M, G34P, P35S, N85Q"
MAGLEHTFVVADATLPDCPLVYASEGFLMMTGYPPDEVLGHNSRFLQGEGTDPKEVQKIRDAIKKGEACSVRLLNYRKDGTPFWNLLTVTPIKTPDGRVSKFVGVQVDVTSKTEGKALA,4.065419673919678,"R5E, Y28L, A29M, G34P, A43S"
MAGLQHTFVVADATLPDCPLVYASEGFYMMTGYPPDEVLGHNARFLQGEGTDPKEVQKIRDAIKKGEACSVRLLNYRKDGTPFWQLLTVTPIKLPDGRVSKFVGVQVDVTSKTEGKALA,4.064534664154053,"R5Q, A29M, G34P, N85Q, T94L"
MAGLQHTFVVADATLPDCPLVYASEGFYMMTGYPPDEVLGHNARFLQGEGTDPKEVQKIRDAIKKGEACSVRLLNYRKDGTPFWQLLTVTPIKLPDGRVSKFVGVQVDVTSKTEGKALA,4.064534664154053,"R5Q, A29M, G34P, N85Q, T94L"
MAGLEHTFVVADATLPDCPLVYASEGFYMMTGYPPDEVLGHNARVLQGEGTDPKEVQKIRDAIKKGEACSVRLLNYRKDGTPFWQLLTVTPIKTPDGRVSKFVGVQVDVTSKTEGKALA,4.064086437225342,"R5E, A29M, G34P, F45V, N85Q"
MAGLQHTFVVADATLPDCPLVYASEGFYAMTGYGPDEVLGHNARFLQGEGTDPKEVQKIRDAIKKGEACSLRLLNYRKDGTPFWQLLTVTPISTPDGRVSKFVGVQVDVTSKTEAKALA,4.063998222351074,"R5Q, V71L, N85Q, K93S, G115A"
MAGLQHTFVVADATLPDCPLVYASEGFYMMTGYGPDEVLGHNARFLQGEGTDPKEVQKIRDAIKKGEACSLRLLNYRKDGTPFWQLLTVTPIKTPDGRVSKFVGVQVDVTSKTEAKALA,4.06379508972168,"R5Q, A29M, V71L, N85Q, G115A"
MAGLQHTFVVADATLPDCPLVYASEGFYMMTGYPPDEVLGHNARFLQGEGTDPKEVKKIRDAIKKGEACSVRLLNYRKDGTPFWQLLTVTPIKTPDGRVSKFVGVQVDVTSKTEGKALA,4.063669681549072,"R5Q, A29M, G34P, Q57K, N85Q"
MAGLQHTFVVADATLPDCPLVYASEGFYMMTGYPPDEVLGHNARFLQGEGTDPKEVQKIRDAIKKGEACSVRLLNYRKDGTPFWQLLTVTPISTPDGRVSKFVGVQVDVTSKTEGKALA,4.0634284019470215,"R5Q, A29M, G34P, N85Q, K93S"
MAGLQHTFVVADATLPDCPLVYASEGFYMMTGYPPDEVLGHNARFLQGEGTDPKEVQKIRDAIKKGEACSVRLLNYRKDGTPFWQLLTVTPISTPDGRVSKFVGVQVDVTSKTEGKALA,4.0634284019470215,"R5Q, A29M, G34P, N85Q, K93S"
MAGLQHTFVVADATLPDCPLVYASEGFYMMTGYPPDEVLGHNARFLQGEQTDPKEVQKIRDAIKKGEACSVRLLNYRKDGTPFWQLLTVTPIKTPDGRVSKFVGVQVDVTSKTEGKALA,4.063272476196289,"R5Q, A29M, G34P, G50Q, N85Q"
MAGLQHTFVVADATLPDCPLVYASEGFYAMTGYPPDEVLGHNARFLQGEGTDPKEVQKIRDAIKKGEACSVRLLNYRKDGTPFWQLLTVTPISTPDGRVAKFVGVQVDVTSKTEGKALA,4.063235759735107,"R5Q, G34P, N85Q, K93S, S100A"
MAGLQHTFVVADATLPDCPLVYASEGFYMMTGYPPDEVLGHNARFLQGEGTDPKEVQKIRDAIQKGEACSVRLLNYRKDGTPFWQLLTVTPIKTPDGRVSKFVGVQVDVTSKTEGKALA,4.063083171844482,"R5Q, A29M, G34P, K64Q, N85Q"
MAGLQHTFVVADATLPDCPLVYASEGFYMMTGYPPDEVLGHNARFLQGEGTDPKEVQKIRDAISKGEACSVRLLNYRKDGTPFWQLLTVTPIKTPDGRVSKFVGVQVDVTSKTEGKALA,4.0630269050598145,"R5Q, A29M, G34P, K64S, N85Q"
MAGLQHTFVVADATLPDCPLVYASEGFYMMTGYPPDEVLGHNARFLQGEGTDPSEVQKIRDAIKKGEACSVRLLNYRKDGTPFWQLLTVTPIKTPDGRVSKFVGVQVDVTSKTEGKALA,4.062856674194336,"R5Q, A29M, G34P, K54S, N85Q"
MAGLQHTFVVADATLPDCPLVYASEGFYAMTGYPPDEVLGHNARFLQGEGTDPKEVKKIRDAIKQGEACSVRLLNYRKDGTPFWQLLTVTPIKTPDGRVSKFVGVQVDVTSKTEGKALA,4.062784194946289,"R5Q, G34P, Q57K, K65Q, N85Q"
MAGLQHTFVVADATLPDCPLVYASEGFYMMTGYPPDEVLGHNARFLQGEGTDPKEVQKIRDAIKKGEACSVRLLNYRKDGTPFWQLLTVTPIKTPDGRVAKFVGVQVDVTSKTEGKALA,4.062726020812988,"R5Q, A29M, G34P, N85Q, S100A"
MAGLEHTFVVADATLPDCPLVYASEGFYMATGYGPDEVLGHNARFLQGEGTDPKEVQKIRDAIKKGEACSVRLLNYRKDGTPFWQLLTVTPISTPDGRVSKFVGVQVDVTSKTEGKALA,4.0627055168151855,"R5E, A29M, M30A, N85Q, K93S"
MAGLEHTFVVADATLPDCPLVYASEGFYMMTGYPPDEVLGHNARFLQGEGTDPKEVQKIRDAIKKGEACSVRLLNYRKDGTPFWQLLTVTPIKTPDGRVSKFLGVQVDVTSKTEGKALA,4.06233024597168,"R5E, A29M, G34P, N85Q, V103L"
MAGLQHTFVVADATLPDCPLVYASEGFYMMTGYPPDEVLGHNARFLQGEGTDPKEVQKIRDAIKKGEATSVRLLNYRKDGTPFWQLLTVTPIKTPDGRVSKFVGVQVDVTSKTEGKALA,4.062324523925781,"R5Q, A29M, G34P, C69T, N85Q"
MAGLQHTFVVADATLPDCPLVYASEGFYAMTGYPPDEVLGHNARFLQGEGTDPKEVQKIRDAIKQGEACSVRLLNYRKDGTPFWQLLTVTPISTPDGRVSKFVGVQVDVTSKTEGKALA,4.061897277832031,"R5Q, G34P, K65Q, N85Q, K93S"
MAGLQHTFVVADATLPDCPLVYASEGFYMMTGYPPDEVLGHNARFLQGEGTDPKEVQKIRDAIKSGEACSVRLLNYRKDGTPFWQLLTVTPIKTPDGRVSKFVGVQVDVTSKTEGKALA,4.061697959899902,"R5Q, A29M, G34P, K65S, N85Q"
MAGLEHTFVVADATLPDCPLVYASEGFYMMTGYPPDEVLGHNARFLQGEGTDPKDVQKIRDAIKKGEACSVRTLNYRKDGTPFWNLLTVTPIKTPDGRVSKFVGVQVDVTSKTEGKALA,4.061652183532715,"R5E, A29M, G34P, E55D, L73T"
MAGLQHTFVVADATLPDCPLVYASEGFYMMTGYPPDEVLGHNARFLQGEGTDPKEVQKIRDAIKQGEACSVRLLNYRKDGTPFWQLLTVTPIKTPDGRVSKFVGVQVDVTSKTEGKALA,4.061624526977539,"R5Q, A29M, G34P, K65Q, N85Q"
MAGLQHTFVVADATLPDCPLVYASEGFYMMTGYPPDEVLGHNARFLQGEGTDPKEVQKIRDAIKQGEACSVRLLNYRKDGTPFWQLLTVTPIKTPDGRVSKFVGVQVDVTSKTEGKALA,4.061624526977539,"R5Q, A29M, G34P, K65Q, N85Q"
MAGLQHTFVVADATLPDCPLVYASEGFYMMTGYPPDEVLGHNARFLQGEGTDPKEVQKIRDAIKKGETCSVRLLNYRKDGTPFWQLLTVTPIKTPDGRVSKFVGVQVDVTSKTEGKALA,4.061611652374268,"R5Q, A29M, G34P, A68T, N85Q"
MAGLQHTFVVADATLPDCPLVYASEGFYAMTGYPPDEVLGHNARFLQGEGTDPKEVKKIRDAIKKGEACSLRLLNYRKDGTPFWQLLTVTPIKTPDGRVSKFVGVQVDVTSKTEGKALA,4.061516761779785,"R5Q, G34P, Q57K, V71L, N85Q"
MAGLQHTFVVADATLPDCPLVYASEGFYMMTGYPPDEVLGHNARFLQGEGTDPKEVQKIRDAIKKGEMCSVRLLNYRKDGTPFWQLLTVTPIKTPDGRVSKFVGVQVDVTSKTEGKALA,4.061303615570068,"R5Q, A29M, G34P, A68M, N85Q"
MAGLQHTFVVADATLPDCPLVYASEGFYMMTGYPPDEVLGHNSRFLQGEGTDPKEVQKIRDAIKKGEACSVRLLNYRKDGTPFWNLLTVTPIKTPDGRVSKFVGVQVDVTSKTEAKALA,4.061142444610596,"R5Q, A29M, G34P, A43S, G115A"
MAGLQHTFVVADATLPDCPLVYASEGFYAMTGYPPDEVLGHNARFLQGEGTDPKEVQKIRDAVKKGEACSVRLLNYRKDGTPFWQLLTVTPISTPDGRVSKFVGVQVDVTSKTEGKALA,4.06088924407959,"R5Q, G34P, I63V, N85Q, K93S"
MAGLQHTFVVADATLPDCPLVYASEGFYMMTGYPPDEVLGHNARFLQGEGTDPKEVQKIRDAVKKGEACSVRLLNYRKDGTPFWQLLTVTPIKTPDGRVSKFVGVQVDVTSKTEGKALA,4.060214996337891,"R5Q, A29M, G34P, I63V, N85Q"
MAGLQHTFVVADATLPDCPLVYASEGFYAMTGYPPDEVLGHNARFLQGEGTDPKEVQKIRDAIKKGEACSVRLLNYRKDGTPFWQLLTVAPISTPDGRVSKFVGVQVDVTSKTEGKALA,4.0601911544799805,"R5Q, G34P, N85Q, T90A, K93S"
MAGLQHTFVVADATLPDCPLVYASEGFYAMTGYPPDEVLGHNARFLQGEGTDPKEVQKIRDAIKKGEACSLRLLNYRKDGTPFWQLLTVTPISTPDGRVSKFVGVQVDVTSKTEGKALA,4.060116767883301,"R5Q, G34P, V71L, N85Q, K93S"
MAGLQHTFVVADATLPDCPLVYASEGFLMMTGYPPDEVLGHNARFLQGEGTDPKEVQKIRDAIKKGEACSVRLLNYRKDGTPFWQLLTVTPIKTPDGRVSKFVGVQVDVTSKTEGKALA,4.059572696685791,"R5Q, Y28L, A29M, G34P, N85Q"
MAGLQHTFVVADATLPDCPLVYASEGFYMMTGYPPDEVLGHNARFLQGEGTDPKEVQKIRDSIKKGEACSVRLLNYRKDGTPFWQLLTVTPIKTPDGRVSKFVGVQVDVTSKTEGKALA,4.059569835662842,"R5Q, A29M, G34P, A62S, N85Q"
MAGLQHTFVVADATLPDCPLVYASEGFYMMTGYPPDEVLGHNARFLQGEGTDPKEVQKIRDAIKKGEACSLRLLNYRKDGTPFWQLLTVTPIKTPDGRVSKFVGVQVDVTSKTEGKALA,4.059109210968018,"R5Q, A29M, G34P, V71L, N85Q"
MAGLEHTFVVADATLPDCPLVYASEGFYAMTGYPPDEVLGHNARFLQGEGTDPKEVQKIRDAIKKGEACSVRLLNYRKDGTPFWQLLTLTPIKTPDGRVSKFVGVQVDVTSKTEAKALA,4.058297634124756,"R5E, G34P, N85Q, V89L, G115A"
MAGLEHTFVVADATLPDCPLVYASEGFYAMTGYPPDEVLGHNARVLQGEGTDPKEVQKIRDAIKKGEACSVRLLNYRKDGTPFWNLLTLTPISTPDGRVSKFVGVQVDVTSKTEGKALA,4.058225631713867,"R5E, G34P, F45V, V89L, K93S"
MAGLQHTFVVADATLPDCPLVYASEGFYAMTGYPPDEVLGHNARVLQGEGTDPKEVQKIRDAIKKGEACSVRLLNYRKDGTPFWQLLTVTPIKTPDGRVSKFVGVQVDVTSKTEAKALA,4.057138919830322,"R5Q, G34P, F45V, N85Q, G115A"
MAGLEHTFVVADATLPDCPLVYASEGFYMMTGYGPDEVLGHNARFLQGEGTDPKEVQKIRDAIKKGEACSVRTLNYRKDGTPFWNLLTVTPISTPDGRVSKFVGVQVDVTSKTEAKALA,4.057128429412842,"R5E, A29M, L73T, K93S, G115A"
MAGLQHTFVVADATLPDCPLVYASEGFYMMTGYPPDEVLGHNARFLQGEGTDPKELQKIRDAIKKGEACSVRLLNYRKDGTPFWQLLTVTPIKTPDGRVSKFVGVQVDVTSKTEGKALA,4.056972503662109,"R5Q, A29M, G34P, V56L, N85Q"
MAGLQHTFVVADATLPDCPLVYASEGFYMMTGYPPDEVLGHNSRFLQGEGTDPKEVQQIRDAIKKGEACSVRLLNYRKDGTPFWNLLTVTPIKTPDGRVSKFVGVQVDVTSKTEGKALA,4.056178569793701,"R5Q, A29M, G34P, A43S, K58Q"
MAGLQHTFVVADATLPDCPLVYASEGFYMMTGYGPDEVLGHNARFLQGEGTDPKEVQKIRDAIKKGEACSLRLLNYRKDGTPFWQLLTVTPISTPDGRVSKFVGVQVDVTSKTEGKALA,4.054964542388916,"R5Q, A29M, V71L, N85Q, K93S"
MAGLQHTFVVADATLPDCPLVYASEGFYAMTGYPPDEVTGHNARFLQGEGTDPKEVQKIRDAIKKGEACSLRLLNYRKDGTPFWQLLTVTPIKTPDGRVSKFVGVQVDVTSKTEGKALA,4.054781436920166,"R5Q, G34P, L39T, V71L, N85Q"
MAGLQHTFVVADATLPDCPLVYASEGFLMMTGYGPDEVLGHNARFLQGEGTDPKEVQKIRDAIKQGEACSVRLLNYRKDGTPFWQLLTVTPIKTPDGRVSKFVGVQVDVTSKTEGKALA,4.054758548736572,"R5Q, Y28L, A29M, K65Q, N85Q"
MAGLEHTFVVADATLPDCPLVYASEGFYMMTGYPPDEVLGHNARFLQGEGTDPKEVQKIRDAIKKGEACSVRTLNYRKDGTPFWNLLTVTPISTPDGRVSKFVGVQVDVTSKTEGKALA,4.054697513580322,"R5E, A29M, G34P, L73T, K93S"
MAGLQHTFVVADATLPDCPLVYASEGFYMMTGYGPDEVLGHNARFLQGEGTDPKEVQKIRDAIKKGETCSLRLLNYRKDGTPFWQLLTVTPIKTPDGRVSKFVGVQVDVTSKTEGKALA,4.054043292999268,"R5Q, A29M, A68T, V71L, N85Q"
MAGLQHTFVVADATLPDCPLVYASEGFYMATGYPPDEVLGHNARFLQGEGTDPKEVQKIRDAIKKGEACSVRLLNYRKDGTPFWQLLTVTPIKTPDGRVSKFVGVQVDVTSKTEGKALA,4.052433490753174,"R5Q, A29M, M30A, G34P, N85Q"
MAGLQHTFVVADATLPDCPLVYASEGFYMMTGYPPDEVLGHNSRFLQGEGTDPKEVQKIRDAIKKGEACSVRLLNYRKDGTPFWNLLTVTPISTPDGRVSKFVGVQVDVTSKTEGKALA,4.052109718322754,"R5Q, A29M, G34P, A43S, K93S"
MAGLQHTFVVADATLPDCPLVYASEGFYMMTGYPPDEVLGHNARVLQGEGTDPKEVQKIRDAIKKGEACSVRLLNYRKDGTPFWQLLTVTPIKTPDGRVSKFVGVQVDVTSKTEGKALA,4.049617767333984,"R5Q, A29M, G34P, F45V, N85Q"
MAGLEHTFVVADATLPDCPLVYASEGFYMMTGYPPDEVLGHNARFLQGEGTDPKEVQKIRDAIKKGEACSVRLLNYRKDGTPFWQLLTLTPIKTPDGRVSKFVGVQVDVTSKTEGKALA,4.0492658615112305,"R5E, A29M, G34P, N85Q, V89L"
MAGLQHTFVVADATLPDCPLVYASEGFYMMTGYPPDEVLGHNSRFLQGEGTDPKEVQKIRDAIKKGEACSLRLLNYRKDGTPFWNLLTVTPIKTPDGRVSKFVGVQVDVTSKTEGKALA,4.049032688140869,"R5Q, A29M, G34P, A43S, V71L"
MAGLQHTFVVADATLPDCPLVYASEGFYMMTGYPPDEVLGHNARFLQGEGTDPKEVQKIRDAIKKGEACSVRLLNYRKDGTPFWQLLTVTPIKTPDGRVSKFLGVQVDVTSKTEGKALA,4.047760009765625,"R5Q, A29M, G34P, N85Q, V103L"
MAGLQHTFVVADATLPDCPLVYASEGFYMMTGYPPDEVLGHNARFLQGEGTDPKEVQKIRDAIKKGEACSVRVLNYRKDGTPFWNLLTVAPIKTPDGRVSKFVGVQVDVTSKTEGKALA,4.046139240264893,"R5Q, A29M, G34P, L73V, T90A"
MAGLQHTFVVADATLPDCPLVYASEGFYMMTGYPPDEVLGHNARFLQGEGTDPKEVQKIRDAIKKGEACSVRTVNYRKDGTPFWNLLTVTPIKTPDGRVSKFVGVQVDVTSKTEGKALA,4.044805526733398,"R5Q, A29M, G34P, L73T, L74V"
MAGLQHTFVVADATLPDCPLVYASEGFYMMTGYPPDEVLGHNARFLQGEGTDPKEVQKIRDAISKGEACSVRTLNYRKDGTPFWNLLTVTPIKTPDGRVSKFVGVQVDVTSKTEGKALA,4.037138938903809,"R5Q, A29M, G34P, K64S, L73T"
MAGLQHTFVVADATLPDCPLVYASEGFYMMTGYPPDEVLGHNARFLQGEGTDPKEVQKIRDAIKQGEACSVRTLNYRKDGTPFWNLLTVTPIKTPDGRVSKFVGVQVDVTSKTEGKALA,4.036675453186035,"R5Q, A29M, G34P, K65Q, L73T"
MAGLQHTFVVADATLPDCPLVYASEGFYMMTGYPPDEVLGHNARFLQGEGLDPKEVQQIRDAIKKGEACSVRLLNYRKDGTPFWNLLTVTPIKTPDGRVSKFVGVQVDVTSKTEGKALA,4.035052299499512,"R5Q, A29M, G34P, T51L, K58Q"
MAGLEHTFVVADATLPDCPLVYASEGFYMMTGYPPDEVLGHNARFLQGEGTDPKEVQKIRDAIKKGEACSVRTLNYRKDGTPFWQLLTVTPIKTPDGRVSKFVGVQVDVTSKTEGKALA,4.032197952270508,"R5E, A29M, G34P, L73T, N85Q"
MAGLQHTFVVADATLPDCPLVYASEGFYMMTGYPPDEVLGHNARFLQGEGLDPKEVQKIRDAIKKGEACSLRLLNYRKDGTPFWNLLTVTPIKTPDGRVSKFVGVQVDVTSKTEGKALA,4.030064105987549,"R5Q, A29M, G34P, T51L, V71L"
MAGLQHTFVVADATLPDCPLVYASEGFYMMTGYPPDEVLGHNARFLQGEGLDPKEVQKIRDSIKKGEACSVRLLNYRKDGTPFWNLLTVTPIKTPDGRVSKFVGVQVDVTSKTEGKALA,4.029574871063232,"R5Q, A29M, G34P, T51L, A62S"
MAGLQHTFVVADATLPDCPLVYASEGFYAMTGYPPDEVLGHNARFLQGEGTDPKEVQKIRDAIKKGEACSVRVLNYRKDGTPFWQLLTVTPISTPDGRVSKFVGVQVDVTSKTEGKALA,4.028190612792969,"R5Q, G34P, L73V, N85Q, K93S"
MAGLQHTFVVADATLPDCPLVYASEGFYMMTGYPPDEVLGHNARFLQGEGLDPKEVQKIRDAIKKGEACSVRLLNYRKDGTPFWNLLTVLPIKTPDGRVSKFVGVQVDVTSKTEGKALA,4.027575492858887,"R5Q, A29M, G34P, T51L, T90L"
MAGLEHTFVVADATLPDCPLVYASEGFYMMTGYPPDEVLGHNARFLKGEGTDPKEVQKIRDAIKKGEACSVRLLNYRKDGTPFWNLLTVTPISTPDGRVSKFVGVQVDVTSKTEGKALA,4.019256114959717,"R5E, A29M, G34P, Q47K, K93S"
MAGLQHTFVVADATLPDCPLVYASEGFYMMTGYPPDEVLGHNARFLQGEGTDPKEVQKIRDAIKKGEACSVRTLNYRKDGTPFWQLLTVTPIKTPDGRVSKFVGVQVDVTSKTEGKALA,4.017779350280762,"R5Q, A29M, G34P, L73T, N85Q"
MAGLEHTFVVADATLPDCPLVYASEGFYMMTGYPPDEVLGHNARFLKGEGTDPKEVQKIRDAIKKGEACSLRLLNYRKDGTPFWNLLTVTPIKTPDGRVSKFVGVQVDVTSKTEGKALA,4.013638019561768,"R5E, A29M, G34P, Q47K, V71L"
MAGLQHTFVVADATLPDCPLVYASEGFYMMTGYPPDEVLGHNARFLQGEGLDPKEVQKIRDAIKKGEACSVRLLNYRKDGTPFWQLLTVTPIKTPDGRVSKFVGVQVDVTSKTEGKALA,4.011067867279053,"R5Q, A29M, G34P, T51L, N85Q"
MAGLEHTFVVADATLPDCPLVYASEGFYAMTGYPPDEVLGHNARFLKGEGTDPKEVQKIRDAIKKGEACSVRLLNYRKDGTPFWQLLTVTPIKTPDGRVSKFVGVQVDVTSKTEAKALA,4.000744819641113,"R5E, G34P, Q47K, N85Q, G115A"
MAGLQHTFVVADATLPDCPLVYASEGFYMMTGYPPDEVLGHNARFLKGEGTDPKELQKIRDAIKKGEACSVRLLNYRKDGTPFWNLLTVTPIKTPDGRVSKFVGVQVDVTSKTEGKALA,3.996100664138794,"R5Q, A29M, G34P, Q47K, V56L"
MAGLEHTFVVADATLPDCPLVYASEGFYMMTGYPPDEVLGHNARFLKGEGTDPKEVQKIRDAIKKGEACSVRLLNYRKDGTPFWQLLTVTPIKTPDGRVSKFVGVQVDVTSKTEGKALA,3.9937901496887207,"R5E, A29M, G34P, Q47K, N85Q"
MAGLQHTFVVADATLPDCPLVYASEGFYMMTGYPPDEVLGHNARFLKGEGTDPKEVQKIRDAIKKGEACSVRLLNYRKDGTPFWQLLTVTPIKTPDGRVSKFVGVQVDVTSKTEGKALA,3.978071451187134,"R5Q, A29M, G34P, Q47K, N85Q"
MAGLQHTFVVADATLPDCPLVYASEGFYAMTGYPPDEVLGHNARFLKGEGTDPKEVQKIRDAIKKGEACSVRLLNYRKDGTPFWQLLTVTPISTPDGRVSKFVGVQVDVTSKTEGKALA,3.973750114440918,"R5Q, G34P, Q47K, N85Q, K93S"
